# Tung Tung Tung Sahur, made for DIHClient CustomModel
mtllib tung_tung_tung_sahur.mtl
v 0.0000 0.7200 0.1794
v 0.0329 0.7200 0.1772
v 0.0651 0.7200 0.1706
v 0.0956 0.7200 0.1598
v 0.1238 0.7200 0.1451
v 0.1489 0.7200 0.1269
v 0.1704 0.7200 0.1054
v 0.1876 0.7200 0.0814
v 0.2003 0.7200 0.0554
v 0.2080 0.7200 0.0281
v 0.2106 0.7200 -0.0000
v 0.2080 0.7200 -0.0281
v 0.2003 0.7200 -0.0554
v 0.1876 0.7200 -0.0814
v 0.1704 0.7200 -0.1054
v 0.1489 0.7200 -0.1269
v 0.1238 0.7200 -0.1451
v 0.0956 0.7200 -0.1598
v 0.0651 0.7200 -0.1706
v 0.0329 0.7200 -0.1772
v 0.0000 0.7200 -0.1794
v -0.0329 0.7200 -0.1772
v -0.0651 0.7200 -0.1706
v -0.0956 0.7200 -0.1598
v -0.1238 0.7200 -0.1451
v -0.1489 0.7200 -0.1269
v -0.1704 0.7200 -0.1054
v -0.1876 0.7200 -0.0814
v -0.2003 0.7200 -0.0554
v -0.2080 0.7200 -0.0281
v -0.2106 0.7200 -0.0000
v -0.2080 0.7200 0.0281
v -0.2003 0.7200 0.0554
v -0.1876 0.7200 0.0814
v -0.1704 0.7200 0.1054
v -0.1489 0.7200 0.1269
v -0.1238 0.7200 0.1451
v -0.0956 0.7200 0.1598
v -0.0651 0.7200 0.1706
v -0.0329 0.7200 0.1772
v -0.0000 0.7200 0.1794
v 0.0000 0.7400 0.2139
v 0.0393 0.7400 0.2113
v 0.0776 0.7400 0.2034
v 0.1140 0.7400 0.1906
v 0.1476 0.7400 0.1730
v 0.1776 0.7400 0.1513
v 0.2031 0.7400 0.1257
v 0.2237 0.7400 0.0971
v 0.2388 0.7400 0.0661
v 0.2480 0.7400 0.0335
v 0.2511 0.7400 -0.0000
v 0.2480 0.7400 -0.0335
v 0.2388 0.7400 -0.0661
v 0.2237 0.7400 -0.0971
v 0.2031 0.7400 -0.1257
v 0.1776 0.7400 -0.1513
v 0.1476 0.7400 -0.1730
v 0.1140 0.7400 -0.1906
v 0.0776 0.7400 -0.2034
v 0.0393 0.7400 -0.2113
v 0.0000 0.7400 -0.2139
v -0.0393 0.7400 -0.2113
v -0.0776 0.7400 -0.2034
v -0.1140 0.7400 -0.1906
v -0.1476 0.7400 -0.1730
v -0.1776 0.7400 -0.1513
v -0.2031 0.7400 -0.1257
v -0.2237 0.7400 -0.0971
v -0.2388 0.7400 -0.0661
v -0.2480 0.7400 -0.0335
v -0.2511 0.7400 -0.0000
v -0.2480 0.7400 0.0335
v -0.2388 0.7400 0.0661
v -0.2237 0.7400 0.0971
v -0.2031 0.7400 0.1257
v -0.1776 0.7400 0.1513
v -0.1476 0.7400 0.1730
v -0.1140 0.7400 0.1906
v -0.0776 0.7400 0.2034
v -0.0393 0.7400 0.2113
v -0.0000 0.7400 0.2139
v 0.0000 0.8000 0.2300
v 0.0422 0.8000 0.2272
v 0.0834 0.8000 0.2187
v 0.1226 0.8000 0.2049
v 0.1587 0.8000 0.1861
v 0.1909 0.8000 0.1626
v 0.2184 0.8000 0.1352
v 0.2406 0.8000 0.1044
v 0.2568 0.8000 0.0711
v 0.2667 0.8000 0.0360
v 0.2700 0.8000 -0.0000
v 0.2667 0.8000 -0.0360
v 0.2568 0.8000 -0.0711
v 0.2406 0.8000 -0.1044
v 0.2184 0.8000 -0.1352
v 0.1909 0.8000 -0.1626
v 0.1587 0.8000 -0.1861
v 0.1226 0.8000 -0.2049
v 0.0834 0.8000 -0.2187
v 0.0422 0.8000 -0.2272
v 0.0000 0.8000 -0.2300
v -0.0422 0.8000 -0.2272
v -0.0834 0.8000 -0.2187
v -0.1226 0.8000 -0.2049
v -0.1587 0.8000 -0.1861
v -0.1909 0.8000 -0.1626
v -0.2184 0.8000 -0.1352
v -0.2406 0.8000 -0.1044
v -0.2568 0.8000 -0.0711
v -0.2667 0.8000 -0.0360
v -0.2700 0.8000 -0.0000
v -0.2667 0.8000 0.0360
v -0.2568 0.8000 0.0711
v -0.2406 0.8000 0.1044
v -0.2184 0.8000 0.1352
v -0.1909 0.8000 0.1626
v -0.1587 0.8000 0.1861
v -0.1226 0.8000 0.2049
v -0.0834 0.8000 0.2187
v -0.0422 0.8000 0.2272
v -0.0000 0.8000 0.2300
v 0.0000 1.6200 0.2300
v 0.0422 1.6200 0.2272
v 0.0834 1.6200 0.2187
v 0.1226 1.6200 0.2049
v 0.1587 1.6200 0.1861
v 0.1909 1.6200 0.1626
v 0.2184 1.6200 0.1352
v 0.2406 1.6200 0.1044
v 0.2568 1.6200 0.0711
v 0.2667 1.6200 0.0360
v 0.2700 1.6200 -0.0000
v 0.2667 1.6200 -0.0360
v 0.2568 1.6200 -0.0711
v 0.2406 1.6200 -0.1044
v 0.2184 1.6200 -0.1352
v 0.1909 1.6200 -0.1626
v 0.1587 1.6200 -0.1861
v 0.1226 1.6200 -0.2049
v 0.0834 1.6200 -0.2187
v 0.0422 1.6200 -0.2272
v 0.0000 1.6200 -0.2300
v -0.0422 1.6200 -0.2272
v -0.0834 1.6200 -0.2187
v -0.1226 1.6200 -0.2049
v -0.1587 1.6200 -0.1861
v -0.1909 1.6200 -0.1626
v -0.2184 1.6200 -0.1352
v -0.2406 1.6200 -0.1044
v -0.2568 1.6200 -0.0711
v -0.2667 1.6200 -0.0360
v -0.2700 1.6200 -0.0000
v -0.2667 1.6200 0.0360
v -0.2568 1.6200 0.0711
v -0.2406 1.6200 0.1044
v -0.2184 1.6200 0.1352
v -0.1909 1.6200 0.1626
v -0.1587 1.6200 0.1861
v -0.1226 1.6200 0.2049
v -0.0834 1.6200 0.2187
v -0.0422 1.6200 0.2272
v -0.0000 1.6200 0.2300
v 0.0000 1.7000 0.2185
v 0.0401 1.7000 0.2158
v 0.0793 1.7000 0.2078
v 0.1164 1.7000 0.1947
v 0.1508 1.7000 0.1768
v 0.1814 1.7000 0.1545
v 0.2075 1.7000 0.1284
v 0.2285 1.7000 0.0992
v 0.2439 1.7000 0.0675
v 0.2533 1.7000 0.0342
v 0.2565 1.7000 -0.0000
v 0.2533 1.7000 -0.0342
v 0.2439 1.7000 -0.0675
v 0.2285 1.7000 -0.0992
v 0.2075 1.7000 -0.1284
v 0.1814 1.7000 -0.1545
v 0.1508 1.7000 -0.1768
v 0.1164 1.7000 -0.1947
v 0.0793 1.7000 -0.2078
v 0.0401 1.7000 -0.2158
v 0.0000 1.7000 -0.2185
v -0.0401 1.7000 -0.2158
v -0.0793 1.7000 -0.2078
v -0.1164 1.7000 -0.1947
v -0.1508 1.7000 -0.1768
v -0.1814 1.7000 -0.1545
v -0.2075 1.7000 -0.1284
v -0.2285 1.7000 -0.0992
v -0.2439 1.7000 -0.0675
v -0.2533 1.7000 -0.0342
v -0.2565 1.7000 -0.0000
v -0.2533 1.7000 0.0342
v -0.2439 1.7000 0.0675
v -0.2285 1.7000 0.0992
v -0.2075 1.7000 0.1284
v -0.1814 1.7000 0.1545
v -0.1508 1.7000 0.1768
v -0.1164 1.7000 0.1947
v -0.0793 1.7000 0.2078
v -0.0401 1.7000 0.2158
v -0.0000 1.7000 0.2185
v 0.0000 1.7500 0.1840
v 0.0338 1.7500 0.1817
v 0.0667 1.7500 0.1750
v 0.0981 1.7500 0.1639
v 0.1270 1.7500 0.1489
v 0.1527 1.7500 0.1301
v 0.1747 1.7500 0.1082
v 0.1925 1.7500 0.0835
v 0.2054 1.7500 0.0569
v 0.2133 1.7500 0.0288
v 0.2160 1.7500 -0.0000
v 0.2133 1.7500 -0.0288
v 0.2054 1.7500 -0.0569
v 0.1925 1.7500 -0.0835
v 0.1747 1.7500 -0.1082
v 0.1527 1.7500 -0.1301
v 0.1270 1.7500 -0.1489
v 0.0981 1.7500 -0.1639
v 0.0667 1.7500 -0.1750
v 0.0338 1.7500 -0.1817
v 0.0000 1.7500 -0.1840
v -0.0338 1.7500 -0.1817
v -0.0667 1.7500 -0.1750
v -0.0981 1.7500 -0.1639
v -0.1270 1.7500 -0.1489
v -0.1527 1.7500 -0.1301
v -0.1747 1.7500 -0.1082
v -0.1925 1.7500 -0.0835
v -0.2054 1.7500 -0.0569
v -0.2133 1.7500 -0.0288
v -0.2160 1.7500 -0.0000
v -0.2133 1.7500 0.0288
v -0.2054 1.7500 0.0569
v -0.1925 1.7500 0.0835
v -0.1747 1.7500 0.1082
v -0.1527 1.7500 0.1301
v -0.1270 1.7500 0.1489
v -0.0981 1.7500 0.1639
v -0.0667 1.7500 0.1750
v -0.0338 1.7500 0.1817
v -0.0000 1.7500 0.1840
v 0.0000 1.7800 0.1265
v 0.0232 1.7800 0.1249
v 0.0459 1.7800 0.1203
v 0.0674 1.7800 0.1127
v 0.0873 1.7800 0.1023
v 0.1050 1.7800 0.0894
v 0.1201 1.7800 0.0744
v 0.1323 1.7800 0.0574
v 0.1412 1.7800 0.0391
v 0.1467 1.7800 0.0198
v 0.1485 1.7800 -0.0000
v 0.1467 1.7800 -0.0198
v 0.1412 1.7800 -0.0391
v 0.1323 1.7800 -0.0574
v 0.1201 1.7800 -0.0744
v 0.1050 1.7800 -0.0894
v 0.0873 1.7800 -0.1023
v 0.0674 1.7800 -0.1127
v 0.0459 1.7800 -0.1203
v 0.0232 1.7800 -0.1249
v 0.0000 1.7800 -0.1265
v -0.0232 1.7800 -0.1249
v -0.0459 1.7800 -0.1203
v -0.0674 1.7800 -0.1127
v -0.0873 1.7800 -0.1023
v -0.1050 1.7800 -0.0894
v -0.1201 1.7800 -0.0744
v -0.1323 1.7800 -0.0574
v -0.1412 1.7800 -0.0391
v -0.1467 1.7800 -0.0198
v -0.1485 1.7800 -0.0000
v -0.1467 1.7800 0.0198
v -0.1412 1.7800 0.0391
v -0.1323 1.7800 0.0574
v -0.1201 1.7800 0.0744
v -0.1050 1.7800 0.0894
v -0.0873 1.7800 0.1023
v -0.0674 1.7800 0.1127
v -0.0459 1.7800 0.1203
v -0.0232 1.7800 0.1249
v -0.0000 1.7800 0.1265
v 0.0000 1.8000 0.0575
v 0.0106 1.8000 0.0568
v 0.0209 1.8000 0.0547
v 0.0306 1.8000 0.0512
v 0.0397 1.8000 0.0465
v 0.0477 1.8000 0.0407
v 0.0546 1.8000 0.0338
v 0.0601 1.8000 0.0261
v 0.0642 1.8000 0.0178
v 0.0667 1.8000 0.0090
v 0.0675 1.8000 -0.0000
v 0.0667 1.8000 -0.0090
v 0.0642 1.8000 -0.0178
v 0.0601 1.8000 -0.0261
v 0.0546 1.8000 -0.0338
v 0.0477 1.8000 -0.0407
v 0.0397 1.8000 -0.0465
v 0.0306 1.8000 -0.0512
v 0.0209 1.8000 -0.0547
v 0.0106 1.8000 -0.0568
v 0.0000 1.8000 -0.0575
v -0.0106 1.8000 -0.0568
v -0.0209 1.8000 -0.0547
v -0.0306 1.8000 -0.0512
v -0.0397 1.8000 -0.0465
v -0.0477 1.8000 -0.0407
v -0.0546 1.8000 -0.0338
v -0.0601 1.8000 -0.0261
v -0.0642 1.8000 -0.0178
v -0.0667 1.8000 -0.0090
v -0.0675 1.8000 -0.0000
v -0.0667 1.8000 0.0090
v -0.0642 1.8000 0.0178
v -0.0601 1.8000 0.0261
v -0.0546 1.8000 0.0338
v -0.0477 1.8000 0.0407
v -0.0397 1.8000 0.0465
v -0.0306 1.8000 0.0512
v -0.0209 1.8000 0.0547
v -0.0106 1.8000 0.0568
v -0.0000 1.8000 0.0575
v 0.0000 1.8050 0.0000
v 0.0000 1.8050 0.0000
v 0.0000 1.8050 0.0000
v 0.0000 1.8050 0.0000
v 0.0000 1.8050 0.0000
v 0.0000 1.8050 0.0000
v 0.0000 1.8050 0.0000
v 0.0000 1.8050 0.0000
v 0.0000 1.8050 0.0000
v 0.0000 1.8050 0.0000
v 0.0000 1.8050 0.0000
v 0.0000 1.8050 0.0000
v 0.0000 1.8050 0.0000
v 0.0000 1.8050 0.0000
v 0.0000 1.8050 0.0000
v 0.0000 1.8050 0.0000
v 0.0000 1.8050 0.0000
v 0.0000 1.8050 0.0000
v 0.0000 1.8050 0.0000
v 0.0000 1.8050 0.0000
v 0.0000 1.8050 0.0000
v 0.0000 1.8050 0.0000
v 0.0000 1.8050 0.0000
v 0.0000 1.8050 0.0000
v 0.0000 1.8050 0.0000
v 0.0000 1.8050 0.0000
v 0.0000 1.8050 0.0000
v 0.0000 1.8050 0.0000
v 0.0000 1.8050 0.0000
v 0.0000 1.8050 0.0000
v 0.0000 1.8050 0.0000
v 0.0000 1.8050 0.0000
v 0.0000 1.8050 0.0000
v 0.0000 1.8050 0.0000
v 0.0000 1.8050 0.0000
v 0.0000 1.8050 0.0000
v 0.0000 1.8050 0.0000
v 0.0000 1.8050 0.0000
v 0.0000 1.8050 0.0000
v 0.0000 1.8050 0.0000
v 0.0000 1.8050 0.0000
v 0.0000 0.7200 0.0000
v -0.1050 1.4800 -0.2050
v -0.1050 1.4800 -0.2050
v -0.1050 1.4800 -0.2050
v -0.1050 1.4800 -0.2050
v -0.1050 1.4800 -0.2050
v -0.1050 1.4800 -0.2050
v -0.1050 1.4800 -0.2050
v -0.1050 1.4800 -0.2050
v -0.1050 1.4800 -0.2050
v -0.1050 1.4800 -0.2050
v -0.1050 1.4800 -0.2050
v -0.1050 1.4800 -0.2050
v -0.1050 1.4800 -0.2050
v -0.1050 1.4800 -0.2050
v -0.1050 1.4800 -0.2050
v -0.1050 1.4800 -0.2050
v -0.1050 1.4800 -0.2050
v -0.1050 1.4849 -0.1787
v -0.0949 1.4849 -0.1807
v -0.0864 1.4849 -0.1864
v -0.0807 1.4849 -0.1949
v -0.0787 1.4849 -0.2050
v -0.0807 1.4849 -0.2151
v -0.0864 1.4849 -0.2236
v -0.0949 1.4849 -0.2293
v -0.1050 1.4849 -0.2313
v -0.1151 1.4849 -0.2293
v -0.1236 1.4849 -0.2236
v -0.1293 1.4849 -0.2151
v -0.1313 1.4849 -0.2050
v -0.1293 1.4849 -0.1949
v -0.1236 1.4849 -0.1864
v -0.1151 1.4849 -0.1807
v -0.1050 1.4849 -0.1787
v -0.1050 1.4991 -0.1550
v -0.0859 1.4991 -0.1588
v -0.0697 1.4991 -0.1697
v -0.0588 1.4991 -0.1859
v -0.0550 1.4991 -0.2050
v -0.0588 1.4991 -0.2241
v -0.0697 1.4991 -0.2403
v -0.0859 1.4991 -0.2512
v -0.1050 1.4991 -0.2550
v -0.1241 1.4991 -0.2512
v -0.1403 1.4991 -0.2403
v -0.1512 1.4991 -0.2241
v -0.1550 1.4991 -0.2050
v -0.1512 1.4991 -0.1859
v -0.1403 1.4991 -0.1697
v -0.1241 1.4991 -0.1588
v -0.1050 1.4991 -0.1550
v -0.1050 1.5212 -0.1362
v -0.0787 1.5212 -0.1415
v -0.0564 1.5212 -0.1564
v -0.0415 1.5212 -0.1787
v -0.0362 1.5212 -0.2050
v -0.0415 1.5212 -0.2313
v -0.0564 1.5212 -0.2536
v -0.0787 1.5212 -0.2685
v -0.1050 1.5212 -0.2738
v -0.1313 1.5212 -0.2685
v -0.1536 1.5212 -0.2536
v -0.1685 1.5212 -0.2313
v -0.1738 1.5212 -0.2050
v -0.1685 1.5212 -0.1787
v -0.1536 1.5212 -0.1564
v -0.1313 1.5212 -0.1415
v -0.1050 1.5212 -0.1362
v -0.1050 1.5491 -0.1242
v -0.0741 1.5491 -0.1303
v -0.0478 1.5491 -0.1478
v -0.0303 1.5491 -0.1741
v -0.0242 1.5491 -0.2050
v -0.0303 1.5491 -0.2359
v -0.0478 1.5491 -0.2622
v -0.0741 1.5491 -0.2797
v -0.1050 1.5491 -0.2858
v -0.1359 1.5491 -0.2797
v -0.1622 1.5491 -0.2622
v -0.1797 1.5491 -0.2359
v -0.1858 1.5491 -0.2050
v -0.1797 1.5491 -0.1741
v -0.1622 1.5491 -0.1478
v -0.1359 1.5491 -0.1303
v -0.1050 1.5491 -0.1242
v -0.1050 1.5800 -0.1200
v -0.0725 1.5800 -0.1265
v -0.0449 1.5800 -0.1449
v -0.0265 1.5800 -0.1725
v -0.0200 1.5800 -0.2050
v -0.0265 1.5800 -0.2375
v -0.0449 1.5800 -0.2651
v -0.0725 1.5800 -0.2835
v -0.1050 1.5800 -0.2900
v -0.1375 1.5800 -0.2835
v -0.1651 1.5800 -0.2651
v -0.1835 1.5800 -0.2375
v -0.1900 1.5800 -0.2050
v -0.1835 1.5800 -0.1725
v -0.1651 1.5800 -0.1449
v -0.1375 1.5800 -0.1265
v -0.1050 1.5800 -0.1200
v -0.1050 1.6109 -0.1242
v -0.0741 1.6109 -0.1303
v -0.0478 1.6109 -0.1478
v -0.0303 1.6109 -0.1741
v -0.0242 1.6109 -0.2050
v -0.0303 1.6109 -0.2359
v -0.0478 1.6109 -0.2622
v -0.0741 1.6109 -0.2797
v -0.1050 1.6109 -0.2858
v -0.1359 1.6109 -0.2797
v -0.1622 1.6109 -0.2622
v -0.1797 1.6109 -0.2359
v -0.1858 1.6109 -0.2050
v -0.1797 1.6109 -0.1741
v -0.1622 1.6109 -0.1478
v -0.1359 1.6109 -0.1303
v -0.1050 1.6109 -0.1242
v -0.1050 1.6388 -0.1362
v -0.0787 1.6388 -0.1415
v -0.0564 1.6388 -0.1564
v -0.0415 1.6388 -0.1787
v -0.0362 1.6388 -0.2050
v -0.0415 1.6388 -0.2313
v -0.0564 1.6388 -0.2536
v -0.0787 1.6388 -0.2685
v -0.1050 1.6388 -0.2738
v -0.1313 1.6388 -0.2685
v -0.1536 1.6388 -0.2536
v -0.1685 1.6388 -0.2313
v -0.1738 1.6388 -0.2050
v -0.1685 1.6388 -0.1787
v -0.1536 1.6388 -0.1564
v -0.1313 1.6388 -0.1415
v -0.1050 1.6388 -0.1362
v -0.1050 1.6609 -0.1550
v -0.0859 1.6609 -0.1588
v -0.0697 1.6609 -0.1697
v -0.0588 1.6609 -0.1859
v -0.0550 1.6609 -0.2050
v -0.0588 1.6609 -0.2241
v -0.0697 1.6609 -0.2403
v -0.0859 1.6609 -0.2512
v -0.1050 1.6609 -0.2550
v -0.1241 1.6609 -0.2512
v -0.1403 1.6609 -0.2403
v -0.1512 1.6609 -0.2241
v -0.1550 1.6609 -0.2050
v -0.1512 1.6609 -0.1859
v -0.1403 1.6609 -0.1697
v -0.1241 1.6609 -0.1588
v -0.1050 1.6609 -0.1550
v -0.1050 1.6751 -0.1787
v -0.0949 1.6751 -0.1807
v -0.0864 1.6751 -0.1864
v -0.0807 1.6751 -0.1949
v -0.0787 1.6751 -0.2050
v -0.0807 1.6751 -0.2151
v -0.0864 1.6751 -0.2236
v -0.0949 1.6751 -0.2293
v -0.1050 1.6751 -0.2313
v -0.1151 1.6751 -0.2293
v -0.1236 1.6751 -0.2236
v -0.1293 1.6751 -0.2151
v -0.1313 1.6751 -0.2050
v -0.1293 1.6751 -0.1949
v -0.1236 1.6751 -0.1864
v -0.1151 1.6751 -0.1807
v -0.1050 1.6751 -0.1787
v -0.1050 1.6800 -0.2050
v -0.1050 1.6800 -0.2050
v -0.1050 1.6800 -0.2050
v -0.1050 1.6800 -0.2050
v -0.1050 1.6800 -0.2050
v -0.1050 1.6800 -0.2050
v -0.1050 1.6800 -0.2050
v -0.1050 1.6800 -0.2050
v -0.1050 1.6800 -0.2050
v -0.1050 1.6800 -0.2050
v -0.1050 1.6800 -0.2050
v -0.1050 1.6800 -0.2050
v -0.1050 1.6800 -0.2050
v -0.1050 1.6800 -0.2050
v -0.1050 1.6800 -0.2050
v -0.1050 1.6800 -0.2050
v -0.1050 1.6800 -0.2050
v -0.1050 1.5300 -0.2750
v -0.1050 1.5300 -0.2750
v -0.1050 1.5300 -0.2750
v -0.1050 1.5300 -0.2750
v -0.1050 1.5300 -0.2750
v -0.1050 1.5300 -0.2750
v -0.1050 1.5300 -0.2750
v -0.1050 1.5300 -0.2750
v -0.1050 1.5300 -0.2750
v -0.1050 1.5300 -0.2750
v -0.1050 1.5300 -0.2750
v -0.1050 1.5300 -0.2750
v -0.1050 1.5300 -0.2750
v -0.1050 1.5300 -0.2750
v -0.1050 1.5300 -0.2750
v -0.1050 1.5300 -0.2750
v -0.1050 1.5300 -0.2750
v -0.1050 1.5322 -0.2657
v -0.1003 1.5322 -0.2664
v -0.0963 1.5322 -0.2684
v -0.0936 1.5322 -0.2715
v -0.0926 1.5322 -0.2750
v -0.0936 1.5322 -0.2785
v -0.0963 1.5322 -0.2816
v -0.1003 1.5322 -0.2836
v -0.1050 1.5322 -0.2843
v -0.1097 1.5322 -0.2836
v -0.1137 1.5322 -0.2816
v -0.1164 1.5322 -0.2785
v -0.1174 1.5322 -0.2750
v -0.1164 1.5322 -0.2715
v -0.1137 1.5322 -0.2684
v -0.1097 1.5322 -0.2664
v -0.1050 1.5322 -0.2657
v -0.1050 1.5386 -0.2574
v -0.0960 1.5386 -0.2587
v -0.0884 1.5386 -0.2625
v -0.0833 1.5386 -0.2683
v -0.0815 1.5386 -0.2750
v -0.0833 1.5386 -0.2817
v -0.0884 1.5386 -0.2875
v -0.0960 1.5386 -0.2913
v -0.1050 1.5386 -0.2926
v -0.1140 1.5386 -0.2913
v -0.1216 1.5386 -0.2875
v -0.1267 1.5386 -0.2817
v -0.1285 1.5386 -0.2750
v -0.1267 1.5386 -0.2683
v -0.1216 1.5386 -0.2625
v -0.1140 1.5386 -0.2587
v -0.1050 1.5386 -0.2574
v -0.1050 1.5485 -0.2507
v -0.0926 1.5485 -0.2526
v -0.0821 1.5485 -0.2578
v -0.0751 1.5485 -0.2657
v -0.0726 1.5485 -0.2750
v -0.0751 1.5485 -0.2843
v -0.0821 1.5485 -0.2922
v -0.0926 1.5485 -0.2974
v -0.1050 1.5485 -0.2993
v -0.1174 1.5485 -0.2974
v -0.1279 1.5485 -0.2922
v -0.1349 1.5485 -0.2843
v -0.1374 1.5485 -0.2750
v -0.1349 1.5485 -0.2657
v -0.1279 1.5485 -0.2578
v -0.1174 1.5485 -0.2526
v -0.1050 1.5485 -0.2507
v -0.1050 1.5611 -0.2465
v -0.0904 1.5611 -0.2486
v -0.0781 1.5611 -0.2548
v -0.0699 1.5611 -0.2641
v -0.0670 1.5611 -0.2750
v -0.0699 1.5611 -0.2859
v -0.0781 1.5611 -0.2952
v -0.0904 1.5611 -0.3014
v -0.1050 1.5611 -0.3035
v -0.1196 1.5611 -0.3014
v -0.1319 1.5611 -0.2952
v -0.1401 1.5611 -0.2859
v -0.1430 1.5611 -0.2750
v -0.1401 1.5611 -0.2641
v -0.1319 1.5611 -0.2548
v -0.1196 1.5611 -0.2486
v -0.1050 1.5611 -0.2465
v -0.1050 1.5750 -0.2450
v -0.0897 1.5750 -0.2473
v -0.0767 1.5750 -0.2538
v -0.0680 1.5750 -0.2635
v -0.0650 1.5750 -0.2750
v -0.0680 1.5750 -0.2865
v -0.0767 1.5750 -0.2962
v -0.0897 1.5750 -0.3027
v -0.1050 1.5750 -0.3050
v -0.1203 1.5750 -0.3027
v -0.1333 1.5750 -0.2962
v -0.1420 1.5750 -0.2865
v -0.1450 1.5750 -0.2750
v -0.1420 1.5750 -0.2635
v -0.1333 1.5750 -0.2538
v -0.1203 1.5750 -0.2473
v -0.1050 1.5750 -0.2450
v -0.1050 1.5889 -0.2465
v -0.0904 1.5889 -0.2486
v -0.0781 1.5889 -0.2548
v -0.0699 1.5889 -0.2641
v -0.0670 1.5889 -0.2750
v -0.0699 1.5889 -0.2859
v -0.0781 1.5889 -0.2952
v -0.0904 1.5889 -0.3014
v -0.1050 1.5889 -0.3035
v -0.1196 1.5889 -0.3014
v -0.1319 1.5889 -0.2952
v -0.1401 1.5889 -0.2859
v -0.1430 1.5889 -0.2750
v -0.1401 1.5889 -0.2641
v -0.1319 1.5889 -0.2548
v -0.1196 1.5889 -0.2486
v -0.1050 1.5889 -0.2465
v -0.1050 1.6015 -0.2507
v -0.0926 1.6015 -0.2526
v -0.0821 1.6015 -0.2578
v -0.0751 1.6015 -0.2657
v -0.0726 1.6015 -0.2750
v -0.0751 1.6015 -0.2843
v -0.0821 1.6015 -0.2922
v -0.0926 1.6015 -0.2974
v -0.1050 1.6015 -0.2993
v -0.1174 1.6015 -0.2974
v -0.1279 1.6015 -0.2922
v -0.1349 1.6015 -0.2843
v -0.1374 1.6015 -0.2750
v -0.1349 1.6015 -0.2657
v -0.1279 1.6015 -0.2578
v -0.1174 1.6015 -0.2526
v -0.1050 1.6015 -0.2507
v -0.1050 1.6114 -0.2574
v -0.0960 1.6114 -0.2587
v -0.0884 1.6114 -0.2625
v -0.0833 1.6114 -0.2683
v -0.0815 1.6114 -0.2750
v -0.0833 1.6114 -0.2817
v -0.0884 1.6114 -0.2875
v -0.0960 1.6114 -0.2913
v -0.1050 1.6114 -0.2926
v -0.1140 1.6114 -0.2913
v -0.1216 1.6114 -0.2875
v -0.1267 1.6114 -0.2817
v -0.1285 1.6114 -0.2750
v -0.1267 1.6114 -0.2683
v -0.1216 1.6114 -0.2625
v -0.1140 1.6114 -0.2587
v -0.1050 1.6114 -0.2574
v -0.1050 1.6178 -0.2657
v -0.1003 1.6178 -0.2664
v -0.0963 1.6178 -0.2684
v -0.0936 1.6178 -0.2715
v -0.0926 1.6178 -0.2750
v -0.0936 1.6178 -0.2785
v -0.0963 1.6178 -0.2816
v -0.1003 1.6178 -0.2836
v -0.1050 1.6178 -0.2843
v -0.1097 1.6178 -0.2836
v -0.1137 1.6178 -0.2816
v -0.1164 1.6178 -0.2785
v -0.1174 1.6178 -0.2750
v -0.1164 1.6178 -0.2715
v -0.1137 1.6178 -0.2684
v -0.1097 1.6178 -0.2664
v -0.1050 1.6178 -0.2657
v -0.1050 1.6200 -0.2750
v -0.1050 1.6200 -0.2750
v -0.1050 1.6200 -0.2750
v -0.1050 1.6200 -0.2750
v -0.1050 1.6200 -0.2750
v -0.1050 1.6200 -0.2750
v -0.1050 1.6200 -0.2750
v -0.1050 1.6200 -0.2750
v -0.1050 1.6200 -0.2750
v -0.1050 1.6200 -0.2750
v -0.1050 1.6200 -0.2750
v -0.1050 1.6200 -0.2750
v -0.1050 1.6200 -0.2750
v -0.1050 1.6200 -0.2750
v -0.1050 1.6200 -0.2750
v -0.1050 1.6200 -0.2750
v -0.1050 1.6200 -0.2750
v 0.1050 1.4800 -0.2050
v 0.1050 1.4800 -0.2050
v 0.1050 1.4800 -0.2050
v 0.1050 1.4800 -0.2050
v 0.1050 1.4800 -0.2050
v 0.1050 1.4800 -0.2050
v 0.1050 1.4800 -0.2050
v 0.1050 1.4800 -0.2050
v 0.1050 1.4800 -0.2050
v 0.1050 1.4800 -0.2050
v 0.1050 1.4800 -0.2050
v 0.1050 1.4800 -0.2050
v 0.1050 1.4800 -0.2050
v 0.1050 1.4800 -0.2050
v 0.1050 1.4800 -0.2050
v 0.1050 1.4800 -0.2050
v 0.1050 1.4800 -0.2050
v 0.1050 1.4849 -0.1787
v 0.1151 1.4849 -0.1807
v 0.1236 1.4849 -0.1864
v 0.1293 1.4849 -0.1949
v 0.1313 1.4849 -0.2050
v 0.1293 1.4849 -0.2151
v 0.1236 1.4849 -0.2236
v 0.1151 1.4849 -0.2293
v 0.1050 1.4849 -0.2313
v 0.0949 1.4849 -0.2293
v 0.0864 1.4849 -0.2236
v 0.0807 1.4849 -0.2151
v 0.0787 1.4849 -0.2050
v 0.0807 1.4849 -0.1949
v 0.0864 1.4849 -0.1864
v 0.0949 1.4849 -0.1807
v 0.1050 1.4849 -0.1787
v 0.1050 1.4991 -0.1550
v 0.1241 1.4991 -0.1588
v 0.1403 1.4991 -0.1697
v 0.1512 1.4991 -0.1859
v 0.1550 1.4991 -0.2050
v 0.1512 1.4991 -0.2241
v 0.1403 1.4991 -0.2403
v 0.1241 1.4991 -0.2512
v 0.1050 1.4991 -0.2550
v 0.0859 1.4991 -0.2512
v 0.0697 1.4991 -0.2403
v 0.0588 1.4991 -0.2241
v 0.0550 1.4991 -0.2050
v 0.0588 1.4991 -0.1859
v 0.0697 1.4991 -0.1697
v 0.0859 1.4991 -0.1588
v 0.1050 1.4991 -0.1550
v 0.1050 1.5212 -0.1362
v 0.1313 1.5212 -0.1415
v 0.1536 1.5212 -0.1564
v 0.1685 1.5212 -0.1787
v 0.1738 1.5212 -0.2050
v 0.1685 1.5212 -0.2313
v 0.1536 1.5212 -0.2536
v 0.1313 1.5212 -0.2685
v 0.1050 1.5212 -0.2738
v 0.0787 1.5212 -0.2685
v 0.0564 1.5212 -0.2536
v 0.0415 1.5212 -0.2313
v 0.0362 1.5212 -0.2050
v 0.0415 1.5212 -0.1787
v 0.0564 1.5212 -0.1564
v 0.0787 1.5212 -0.1415
v 0.1050 1.5212 -0.1362
v 0.1050 1.5491 -0.1242
v 0.1359 1.5491 -0.1303
v 0.1622 1.5491 -0.1478
v 0.1797 1.5491 -0.1741
v 0.1858 1.5491 -0.2050
v 0.1797 1.5491 -0.2359
v 0.1622 1.5491 -0.2622
v 0.1359 1.5491 -0.2797
v 0.1050 1.5491 -0.2858
v 0.0741 1.5491 -0.2797
v 0.0478 1.5491 -0.2622
v 0.0303 1.5491 -0.2359
v 0.0242 1.5491 -0.2050
v 0.0303 1.5491 -0.1741
v 0.0478 1.5491 -0.1478
v 0.0741 1.5491 -0.1303
v 0.1050 1.5491 -0.1242
v 0.1050 1.5800 -0.1200
v 0.1375 1.5800 -0.1265
v 0.1651 1.5800 -0.1449
v 0.1835 1.5800 -0.1725
v 0.1900 1.5800 -0.2050
v 0.1835 1.5800 -0.2375
v 0.1651 1.5800 -0.2651
v 0.1375 1.5800 -0.2835
v 0.1050 1.5800 -0.2900
v 0.0725 1.5800 -0.2835
v 0.0449 1.5800 -0.2651
v 0.0265 1.5800 -0.2375
v 0.0200 1.5800 -0.2050
v 0.0265 1.5800 -0.1725
v 0.0449 1.5800 -0.1449
v 0.0725 1.5800 -0.1265
v 0.1050 1.5800 -0.1200
v 0.1050 1.6109 -0.1242
v 0.1359 1.6109 -0.1303
v 0.1622 1.6109 -0.1478
v 0.1797 1.6109 -0.1741
v 0.1858 1.6109 -0.2050
v 0.1797 1.6109 -0.2359
v 0.1622 1.6109 -0.2622
v 0.1359 1.6109 -0.2797
v 0.1050 1.6109 -0.2858
v 0.0741 1.6109 -0.2797
v 0.0478 1.6109 -0.2622
v 0.0303 1.6109 -0.2359
v 0.0242 1.6109 -0.2050
v 0.0303 1.6109 -0.1741
v 0.0478 1.6109 -0.1478
v 0.0741 1.6109 -0.1303
v 0.1050 1.6109 -0.1242
v 0.1050 1.6388 -0.1362
v 0.1313 1.6388 -0.1415
v 0.1536 1.6388 -0.1564
v 0.1685 1.6388 -0.1787
v 0.1738 1.6388 -0.2050
v 0.1685 1.6388 -0.2313
v 0.1536 1.6388 -0.2536
v 0.1313 1.6388 -0.2685
v 0.1050 1.6388 -0.2738
v 0.0787 1.6388 -0.2685
v 0.0564 1.6388 -0.2536
v 0.0415 1.6388 -0.2313
v 0.0362 1.6388 -0.2050
v 0.0415 1.6388 -0.1787
v 0.0564 1.6388 -0.1564
v 0.0787 1.6388 -0.1415
v 0.1050 1.6388 -0.1362
v 0.1050 1.6609 -0.1550
v 0.1241 1.6609 -0.1588
v 0.1403 1.6609 -0.1697
v 0.1512 1.6609 -0.1859
v 0.1550 1.6609 -0.2050
v 0.1512 1.6609 -0.2241
v 0.1403 1.6609 -0.2403
v 0.1241 1.6609 -0.2512
v 0.1050 1.6609 -0.2550
v 0.0859 1.6609 -0.2512
v 0.0697 1.6609 -0.2403
v 0.0588 1.6609 -0.2241
v 0.0550 1.6609 -0.2050
v 0.0588 1.6609 -0.1859
v 0.0697 1.6609 -0.1697
v 0.0859 1.6609 -0.1588
v 0.1050 1.6609 -0.1550
v 0.1050 1.6751 -0.1787
v 0.1151 1.6751 -0.1807
v 0.1236 1.6751 -0.1864
v 0.1293 1.6751 -0.1949
v 0.1313 1.6751 -0.2050
v 0.1293 1.6751 -0.2151
v 0.1236 1.6751 -0.2236
v 0.1151 1.6751 -0.2293
v 0.1050 1.6751 -0.2313
v 0.0949 1.6751 -0.2293
v 0.0864 1.6751 -0.2236
v 0.0807 1.6751 -0.2151
v 0.0787 1.6751 -0.2050
v 0.0807 1.6751 -0.1949
v 0.0864 1.6751 -0.1864
v 0.0949 1.6751 -0.1807
v 0.1050 1.6751 -0.1787
v 0.1050 1.6800 -0.2050
v 0.1050 1.6800 -0.2050
v 0.1050 1.6800 -0.2050
v 0.1050 1.6800 -0.2050
v 0.1050 1.6800 -0.2050
v 0.1050 1.6800 -0.2050
v 0.1050 1.6800 -0.2050
v 0.1050 1.6800 -0.2050
v 0.1050 1.6800 -0.2050
v 0.1050 1.6800 -0.2050
v 0.1050 1.6800 -0.2050
v 0.1050 1.6800 -0.2050
v 0.1050 1.6800 -0.2050
v 0.1050 1.6800 -0.2050
v 0.1050 1.6800 -0.2050
v 0.1050 1.6800 -0.2050
v 0.1050 1.6800 -0.2050
v 0.1050 1.5300 -0.2750
v 0.1050 1.5300 -0.2750
v 0.1050 1.5300 -0.2750
v 0.1050 1.5300 -0.2750
v 0.1050 1.5300 -0.2750
v 0.1050 1.5300 -0.2750
v 0.1050 1.5300 -0.2750
v 0.1050 1.5300 -0.2750
v 0.1050 1.5300 -0.2750
v 0.1050 1.5300 -0.2750
v 0.1050 1.5300 -0.2750
v 0.1050 1.5300 -0.2750
v 0.1050 1.5300 -0.2750
v 0.1050 1.5300 -0.2750
v 0.1050 1.5300 -0.2750
v 0.1050 1.5300 -0.2750
v 0.1050 1.5300 -0.2750
v 0.1050 1.5322 -0.2657
v 0.1097 1.5322 -0.2664
v 0.1137 1.5322 -0.2684
v 0.1164 1.5322 -0.2715
v 0.1174 1.5322 -0.2750
v 0.1164 1.5322 -0.2785
v 0.1137 1.5322 -0.2816
v 0.1097 1.5322 -0.2836
v 0.1050 1.5322 -0.2843
v 0.1003 1.5322 -0.2836
v 0.0963 1.5322 -0.2816
v 0.0936 1.5322 -0.2785
v 0.0926 1.5322 -0.2750
v 0.0936 1.5322 -0.2715
v 0.0963 1.5322 -0.2684
v 0.1003 1.5322 -0.2664
v 0.1050 1.5322 -0.2657
v 0.1050 1.5386 -0.2574
v 0.1140 1.5386 -0.2587
v 0.1216 1.5386 -0.2625
v 0.1267 1.5386 -0.2683
v 0.1285 1.5386 -0.2750
v 0.1267 1.5386 -0.2817
v 0.1216 1.5386 -0.2875
v 0.1140 1.5386 -0.2913
v 0.1050 1.5386 -0.2926
v 0.0960 1.5386 -0.2913
v 0.0884 1.5386 -0.2875
v 0.0833 1.5386 -0.2817
v 0.0815 1.5386 -0.2750
v 0.0833 1.5386 -0.2683
v 0.0884 1.5386 -0.2625
v 0.0960 1.5386 -0.2587
v 0.1050 1.5386 -0.2574
v 0.1050 1.5485 -0.2507
v 0.1174 1.5485 -0.2526
v 0.1279 1.5485 -0.2578
v 0.1349 1.5485 -0.2657
v 0.1374 1.5485 -0.2750
v 0.1349 1.5485 -0.2843
v 0.1279 1.5485 -0.2922
v 0.1174 1.5485 -0.2974
v 0.1050 1.5485 -0.2993
v 0.0926 1.5485 -0.2974
v 0.0821 1.5485 -0.2922
v 0.0751 1.5485 -0.2843
v 0.0726 1.5485 -0.2750
v 0.0751 1.5485 -0.2657
v 0.0821 1.5485 -0.2578
v 0.0926 1.5485 -0.2526
v 0.1050 1.5485 -0.2507
v 0.1050 1.5611 -0.2465
v 0.1196 1.5611 -0.2486
v 0.1319 1.5611 -0.2548
v 0.1401 1.5611 -0.2641
v 0.1430 1.5611 -0.2750
v 0.1401 1.5611 -0.2859
v 0.1319 1.5611 -0.2952
v 0.1196 1.5611 -0.3014
v 0.1050 1.5611 -0.3035
v 0.0904 1.5611 -0.3014
v 0.0781 1.5611 -0.2952
v 0.0699 1.5611 -0.2859
v 0.0670 1.5611 -0.2750
v 0.0699 1.5611 -0.2641
v 0.0781 1.5611 -0.2548
v 0.0904 1.5611 -0.2486
v 0.1050 1.5611 -0.2465
v 0.1050 1.5750 -0.2450
v 0.1203 1.5750 -0.2473
v 0.1333 1.5750 -0.2538
v 0.1420 1.5750 -0.2635
v 0.1450 1.5750 -0.2750
v 0.1420 1.5750 -0.2865
v 0.1333 1.5750 -0.2962
v 0.1203 1.5750 -0.3027
v 0.1050 1.5750 -0.3050
v 0.0897 1.5750 -0.3027
v 0.0767 1.5750 -0.2962
v 0.0680 1.5750 -0.2865
v 0.0650 1.5750 -0.2750
v 0.0680 1.5750 -0.2635
v 0.0767 1.5750 -0.2538
v 0.0897 1.5750 -0.2473
v 0.1050 1.5750 -0.2450
v 0.1050 1.5889 -0.2465
v 0.1196 1.5889 -0.2486
v 0.1319 1.5889 -0.2548
v 0.1401 1.5889 -0.2641
v 0.1430 1.5889 -0.2750
v 0.1401 1.5889 -0.2859
v 0.1319 1.5889 -0.2952
v 0.1196 1.5889 -0.3014
v 0.1050 1.5889 -0.3035
v 0.0904 1.5889 -0.3014
v 0.0781 1.5889 -0.2952
v 0.0699 1.5889 -0.2859
v 0.0670 1.5889 -0.2750
v 0.0699 1.5889 -0.2641
v 0.0781 1.5889 -0.2548
v 0.0904 1.5889 -0.2486
v 0.1050 1.5889 -0.2465
v 0.1050 1.6015 -0.2507
v 0.1174 1.6015 -0.2526
v 0.1279 1.6015 -0.2578
v 0.1349 1.6015 -0.2657
v 0.1374 1.6015 -0.2750
v 0.1349 1.6015 -0.2843
v 0.1279 1.6015 -0.2922
v 0.1174 1.6015 -0.2974
v 0.1050 1.6015 -0.2993
v 0.0926 1.6015 -0.2974
v 0.0821 1.6015 -0.2922
v 0.0751 1.6015 -0.2843
v 0.0726 1.6015 -0.2750
v 0.0751 1.6015 -0.2657
v 0.0821 1.6015 -0.2578
v 0.0926 1.6015 -0.2526
v 0.1050 1.6015 -0.2507
v 0.1050 1.6114 -0.2574
v 0.1140 1.6114 -0.2587
v 0.1216 1.6114 -0.2625
v 0.1267 1.6114 -0.2683
v 0.1285 1.6114 -0.2750
v 0.1267 1.6114 -0.2817
v 0.1216 1.6114 -0.2875
v 0.1140 1.6114 -0.2913
v 0.1050 1.6114 -0.2926
v 0.0960 1.6114 -0.2913
v 0.0884 1.6114 -0.2875
v 0.0833 1.6114 -0.2817
v 0.0815 1.6114 -0.2750
v 0.0833 1.6114 -0.2683
v 0.0884 1.6114 -0.2625
v 0.0960 1.6114 -0.2587
v 0.1050 1.6114 -0.2574
v 0.1050 1.6178 -0.2657
v 0.1097 1.6178 -0.2664
v 0.1137 1.6178 -0.2684
v 0.1164 1.6178 -0.2715
v 0.1174 1.6178 -0.2750
v 0.1164 1.6178 -0.2785
v 0.1137 1.6178 -0.2816
v 0.1097 1.6178 -0.2836
v 0.1050 1.6178 -0.2843
v 0.1003 1.6178 -0.2836
v 0.0963 1.6178 -0.2816
v 0.0936 1.6178 -0.2785
v 0.0926 1.6178 -0.2750
v 0.0936 1.6178 -0.2715
v 0.0963 1.6178 -0.2684
v 0.1003 1.6178 -0.2664
v 0.1050 1.6178 -0.2657
v 0.1050 1.6200 -0.2750
v 0.1050 1.6200 -0.2750
v 0.1050 1.6200 -0.2750
v 0.1050 1.6200 -0.2750
v 0.1050 1.6200 -0.2750
v 0.1050 1.6200 -0.2750
v 0.1050 1.6200 -0.2750
v 0.1050 1.6200 -0.2750
v 0.1050 1.6200 -0.2750
v 0.1050 1.6200 -0.2750
v 0.1050 1.6200 -0.2750
v 0.1050 1.6200 -0.2750
v 0.1050 1.6200 -0.2750
v 0.1050 1.6200 -0.2750
v 0.1050 1.6200 -0.2750
v 0.1050 1.6200 -0.2750
v 0.1050 1.6200 -0.2750
v 0.0000 1.3850 -0.2350
v 0.0000 1.3850 -0.2350
v 0.0000 1.3850 -0.2350
v 0.0000 1.3850 -0.2350
v 0.0000 1.3850 -0.2350
v 0.0000 1.3850 -0.2350
v 0.0000 1.3850 -0.2350
v 0.0000 1.3850 -0.2350
v 0.0000 1.3850 -0.2350
v 0.0000 1.3850 -0.2350
v 0.0000 1.3850 -0.2350
v 0.0000 1.3850 -0.2350
v 0.0000 1.3850 -0.2350
v 0.0000 1.3850 -0.2350
v 0.0000 1.3850 -0.2350
v 0.0000 1.3850 -0.2350
v 0.0000 1.3850 -0.2350
v 0.0000 1.3887 -0.2195
v 0.0035 1.3887 -0.2207
v 0.0066 1.3887 -0.2241
v 0.0086 1.3887 -0.2291
v 0.0093 1.3887 -0.2350
v 0.0086 1.3887 -0.2409
v 0.0066 1.3887 -0.2459
v 0.0035 1.3887 -0.2493
v 0.0000 1.3887 -0.2505
v -0.0035 1.3887 -0.2493
v -0.0066 1.3887 -0.2459
v -0.0086 1.3887 -0.2409
v -0.0093 1.3887 -0.2350
v -0.0086 1.3887 -0.2291
v -0.0066 1.3887 -0.2241
v -0.0035 1.3887 -0.2207
v -0.0000 1.3887 -0.2195
v 0.0000 1.3993 -0.2056
v 0.0067 1.3993 -0.2078
v 0.0125 1.3993 -0.2142
v 0.0163 1.3993 -0.2238
v 0.0176 1.3993 -0.2350
v 0.0163 1.3993 -0.2462
v 0.0125 1.3993 -0.2558
v 0.0067 1.3993 -0.2622
v 0.0000 1.3993 -0.2644
v -0.0067 1.3993 -0.2622
v -0.0125 1.3993 -0.2558
v -0.0163 1.3993 -0.2462
v -0.0176 1.3993 -0.2350
v -0.0163 1.3993 -0.2238
v -0.0125 1.3993 -0.2142
v -0.0067 1.3993 -0.2078
v -0.0000 1.3993 -0.2056
v 0.0000 1.4159 -0.1945
v 0.0093 1.4159 -0.1976
v 0.0172 1.4159 -0.2064
v 0.0224 1.4159 -0.2195
v 0.0243 1.4159 -0.2350
v 0.0224 1.4159 -0.2505
v 0.0172 1.4159 -0.2636
v 0.0093 1.4159 -0.2724
v 0.0000 1.4159 -0.2755
v -0.0093 1.4159 -0.2724
v -0.0172 1.4159 -0.2636
v -0.0224 1.4159 -0.2505
v -0.0243 1.4159 -0.2350
v -0.0224 1.4159 -0.2195
v -0.0172 1.4159 -0.2064
v -0.0093 1.4159 -0.1976
v -0.0000 1.4159 -0.1945
v 0.0000 1.4368 -0.1874
v 0.0109 1.4368 -0.1911
v 0.0202 1.4368 -0.2014
v 0.0264 1.4368 -0.2168
v 0.0285 1.4368 -0.2350
v 0.0264 1.4368 -0.2532
v 0.0202 1.4368 -0.2686
v 0.0109 1.4368 -0.2789
v 0.0000 1.4368 -0.2826
v -0.0109 1.4368 -0.2789
v -0.0202 1.4368 -0.2686
v -0.0264 1.4368 -0.2532
v -0.0285 1.4368 -0.2350
v -0.0264 1.4368 -0.2168
v -0.0202 1.4368 -0.2014
v -0.0109 1.4368 -0.1911
v -0.0000 1.4368 -0.1874
v 0.0000 1.4600 -0.1850
v 0.0115 1.4600 -0.1888
v 0.0212 1.4600 -0.1996
v 0.0277 1.4600 -0.2159
v 0.0300 1.4600 -0.2350
v 0.0277 1.4600 -0.2541
v 0.0212 1.4600 -0.2704
v 0.0115 1.4600 -0.2812
v 0.0000 1.4600 -0.2850
v -0.0115 1.4600 -0.2812
v -0.0212 1.4600 -0.2704
v -0.0277 1.4600 -0.2541
v -0.0300 1.4600 -0.2350
v -0.0277 1.4600 -0.2159
v -0.0212 1.4600 -0.1996
v -0.0115 1.4600 -0.1888
v -0.0000 1.4600 -0.1850
v 0.0000 1.4832 -0.1874
v 0.0109 1.4832 -0.1911
v 0.0202 1.4832 -0.2014
v 0.0264 1.4832 -0.2168
v 0.0285 1.4832 -0.2350
v 0.0264 1.4832 -0.2532
v 0.0202 1.4832 -0.2686
v 0.0109 1.4832 -0.2789
v 0.0000 1.4832 -0.2826
v -0.0109 1.4832 -0.2789
v -0.0202 1.4832 -0.2686
v -0.0264 1.4832 -0.2532
v -0.0285 1.4832 -0.2350
v -0.0264 1.4832 -0.2168
v -0.0202 1.4832 -0.2014
v -0.0109 1.4832 -0.1911
v -0.0000 1.4832 -0.1874
v 0.0000 1.5041 -0.1945
v 0.0093 1.5041 -0.1976
v 0.0172 1.5041 -0.2064
v 0.0224 1.5041 -0.2195
v 0.0243 1.5041 -0.2350
v 0.0224 1.5041 -0.2505
v 0.0172 1.5041 -0.2636
v 0.0093 1.5041 -0.2724
v 0.0000 1.5041 -0.2755
v -0.0093 1.5041 -0.2724
v -0.0172 1.5041 -0.2636
v -0.0224 1.5041 -0.2505
v -0.0243 1.5041 -0.2350
v -0.0224 1.5041 -0.2195
v -0.0172 1.5041 -0.2064
v -0.0093 1.5041 -0.1976
v -0.0000 1.5041 -0.1945
v 0.0000 1.5207 -0.2056
v 0.0067 1.5207 -0.2078
v 0.0125 1.5207 -0.2142
v 0.0163 1.5207 -0.2238
v 0.0176 1.5207 -0.2350
v 0.0163 1.5207 -0.2462
v 0.0125 1.5207 -0.2558
v 0.0067 1.5207 -0.2622
v 0.0000 1.5207 -0.2644
v -0.0067 1.5207 -0.2622
v -0.0125 1.5207 -0.2558
v -0.0163 1.5207 -0.2462
v -0.0176 1.5207 -0.2350
v -0.0163 1.5207 -0.2238
v -0.0125 1.5207 -0.2142
v -0.0067 1.5207 -0.2078
v -0.0000 1.5207 -0.2056
v 0.0000 1.5313 -0.2195
v 0.0035 1.5313 -0.2207
v 0.0066 1.5313 -0.2241
v 0.0086 1.5313 -0.2291
v 0.0093 1.5313 -0.2350
v 0.0086 1.5313 -0.2409
v 0.0066 1.5313 -0.2459
v 0.0035 1.5313 -0.2493
v 0.0000 1.5313 -0.2505
v -0.0035 1.5313 -0.2493
v -0.0066 1.5313 -0.2459
v -0.0086 1.5313 -0.2409
v -0.0093 1.5313 -0.2350
v -0.0086 1.5313 -0.2291
v -0.0066 1.5313 -0.2241
v -0.0035 1.5313 -0.2207
v -0.0000 1.5313 -0.2195
v 0.0000 1.5350 -0.2350
v 0.0000 1.5350 -0.2350
v 0.0000 1.5350 -0.2350
v 0.0000 1.5350 -0.2350
v 0.0000 1.5350 -0.2350
v 0.0000 1.5350 -0.2350
v 0.0000 1.5350 -0.2350
v 0.0000 1.5350 -0.2350
v 0.0000 1.5350 -0.2350
v -0.0000 1.5350 -0.2350
v -0.0000 1.5350 -0.2350
v -0.0000 1.5350 -0.2350
v -0.0000 1.5350 -0.2350
v -0.0000 1.5350 -0.2350
v -0.0000 1.5350 -0.2350
v -0.0000 1.5350 -0.2350
v -0.0000 1.5350 -0.2350
v -0.2900 1.3547 0.0116
v -0.3076 1.3622 0.0066
v -0.3185 1.3688 -0.0085
v -0.3185 1.3720 -0.0280
v -0.3076 1.3707 -0.0445
v -0.2900 1.3653 -0.0516
v -0.2724 1.3578 -0.0466
v -0.2615 1.3512 -0.0315
v -0.2615 1.3480 -0.0120
v -0.2724 1.3493 0.0045
v -0.3800 1.1154 -0.0324
v -0.3954 1.1219 -0.0367
v -0.4050 1.1277 -0.0499
v -0.4050 1.1305 -0.0670
v -0.3954 1.1294 -0.0814
v -0.3800 1.1246 -0.0876
v -0.3646 1.1181 -0.0833
v -0.3550 1.1123 -0.0701
v -0.3550 1.1095 -0.0530
v -0.3646 1.1106 -0.0386
v -0.2900 1.3600 -0.0200
v -0.3800 1.1200 -0.0600
v -0.3800 1.1083 -0.0346
v -0.3963 1.1084 -0.0404
v -0.4064 1.1130 -0.0537
v -0.4064 1.1203 -0.0694
v -0.3963 1.1274 -0.0815
v -0.3800 1.1317 -0.0854
v -0.3637 1.1316 -0.0796
v -0.3536 1.1270 -0.0663
v -0.3536 1.1197 -0.0506
v -0.3637 1.1126 -0.0385
v -0.3400 0.8491 -0.1564
v -0.3551 0.8493 -0.1618
v -0.3645 0.8535 -0.1741
v -0.3645 0.8603 -0.1887
v -0.3551 0.8669 -0.2000
v -0.3400 0.8709 -0.2036
v -0.3249 0.8707 -0.1982
v -0.3155 0.8665 -0.1859
v -0.3155 0.8597 -0.1713
v -0.3249 0.8531 -0.1600
v -0.3800 1.1200 -0.0600
v -0.3400 0.8600 -0.1800
v -0.2900 1.3200 -0.0200
v -0.2900 1.3200 -0.0200
v -0.2900 1.3200 -0.0200
v -0.2900 1.3200 -0.0200
v -0.2900 1.3200 -0.0200
v -0.2900 1.3200 -0.0200
v -0.2900 1.3200 -0.0200
v -0.2900 1.3200 -0.0200
v -0.2900 1.3200 -0.0200
v -0.2900 1.3254 -0.0000
v -0.2759 1.3254 -0.0059
v -0.2700 1.3254 -0.0200
v -0.2759 1.3254 -0.0341
v -0.2900 1.3254 -0.0400
v -0.3041 1.3254 -0.0341
v -0.3100 1.3254 -0.0200
v -0.3041 1.3254 -0.0059
v -0.2900 1.3254 -0.0000
v -0.2900 1.3400 0.0146
v -0.2655 1.3400 0.0045
v -0.2554 1.3400 -0.0200
v -0.2655 1.3400 -0.0445
v -0.2900 1.3400 -0.0546
v -0.3145 1.3400 -0.0445
v -0.3246 1.3400 -0.0200
v -0.3145 1.3400 0.0045
v -0.2900 1.3400 0.0146
v -0.2900 1.3600 0.0200
v -0.2617 1.3600 0.0083
v -0.2500 1.3600 -0.0200
v -0.2617 1.3600 -0.0483
v -0.2900 1.3600 -0.0600
v -0.3183 1.3600 -0.0483
v -0.3300 1.3600 -0.0200
v -0.3183 1.3600 0.0083
v -0.2900 1.3600 0.0200
v -0.2900 1.3800 0.0146
v -0.2655 1.3800 0.0045
v -0.2554 1.3800 -0.0200
v -0.2655 1.3800 -0.0445
v -0.2900 1.3800 -0.0546
v -0.3145 1.3800 -0.0445
v -0.3246 1.3800 -0.0200
v -0.3145 1.3800 0.0045
v -0.2900 1.3800 0.0146
v -0.2900 1.3946 -0.0000
v -0.2759 1.3946 -0.0059
v -0.2700 1.3946 -0.0200
v -0.2759 1.3946 -0.0341
v -0.2900 1.3946 -0.0400
v -0.3041 1.3946 -0.0341
v -0.3100 1.3946 -0.0200
v -0.3041 1.3946 -0.0059
v -0.2900 1.3946 -0.0000
v -0.2900 1.4000 -0.0200
v -0.2900 1.4000 -0.0200
v -0.2900 1.4000 -0.0200
v -0.2900 1.4000 -0.0200
v -0.2900 1.4000 -0.0200
v -0.2900 1.4000 -0.0200
v -0.2900 1.4000 -0.0200
v -0.2900 1.4000 -0.0200
v -0.2900 1.4000 -0.0200
v -0.3800 1.0860 -0.0600
v -0.3800 1.0860 -0.0600
v -0.3800 1.0860 -0.0600
v -0.3800 1.0860 -0.0600
v -0.3800 1.0860 -0.0600
v -0.3800 1.0860 -0.0600
v -0.3800 1.0860 -0.0600
v -0.3800 1.0860 -0.0600
v -0.3800 1.0860 -0.0600
v -0.3800 1.0906 -0.0430
v -0.3680 1.0906 -0.0480
v -0.3630 1.0906 -0.0600
v -0.3680 1.0906 -0.0720
v -0.3800 1.0906 -0.0770
v -0.3920 1.0906 -0.0720
v -0.3970 1.0906 -0.0600
v -0.3920 1.0906 -0.0480
v -0.3800 1.0906 -0.0430
v -0.3800 1.1030 -0.0306
v -0.3592 1.1030 -0.0392
v -0.3506 1.1030 -0.0600
v -0.3592 1.1030 -0.0808
v -0.3800 1.1030 -0.0894
v -0.4008 1.1030 -0.0808
v -0.4094 1.1030 -0.0600
v -0.4008 1.1030 -0.0392
v -0.3800 1.1030 -0.0306
v -0.3800 1.1200 -0.0260
v -0.3560 1.1200 -0.0360
v -0.3460 1.1200 -0.0600
v -0.3560 1.1200 -0.0840
v -0.3800 1.1200 -0.0940
v -0.4040 1.1200 -0.0840
v -0.4140 1.1200 -0.0600
v -0.4040 1.1200 -0.0360
v -0.3800 1.1200 -0.0260
v -0.3800 1.1370 -0.0306
v -0.3592 1.1370 -0.0392
v -0.3506 1.1370 -0.0600
v -0.3592 1.1370 -0.0808
v -0.3800 1.1370 -0.0894
v -0.4008 1.1370 -0.0808
v -0.4094 1.1370 -0.0600
v -0.4008 1.1370 -0.0392
v -0.3800 1.1370 -0.0306
v -0.3800 1.1494 -0.0430
v -0.3680 1.1494 -0.0480
v -0.3630 1.1494 -0.0600
v -0.3680 1.1494 -0.0720
v -0.3800 1.1494 -0.0770
v -0.3920 1.1494 -0.0720
v -0.3970 1.1494 -0.0600
v -0.3920 1.1494 -0.0480
v -0.3800 1.1494 -0.0430
v -0.3800 1.1540 -0.0600
v -0.3800 1.1540 -0.0600
v -0.3800 1.1540 -0.0600
v -0.3800 1.1540 -0.0600
v -0.3800 1.1540 -0.0600
v -0.3800 1.1540 -0.0600
v -0.3800 1.1540 -0.0600
v -0.3800 1.1540 -0.0600
v -0.3800 1.1540 -0.0600
v -0.3400 0.8100 -0.1800
v -0.3400 0.8100 -0.1800
v -0.3400 0.8100 -0.1800
v -0.3400 0.8100 -0.1800
v -0.3400 0.8100 -0.1800
v -0.3400 0.8100 -0.1800
v -0.3400 0.8100 -0.1800
v -0.3400 0.8100 -0.1800
v -0.3400 0.8100 -0.1800
v -0.3400 0.8167 -0.1550
v -0.3223 0.8167 -0.1623
v -0.3150 0.8167 -0.1800
v -0.3223 0.8167 -0.1977
v -0.3400 0.8167 -0.2050
v -0.3577 0.8167 -0.1977
v -0.3650 0.8167 -0.1800
v -0.3577 0.8167 -0.1623
v -0.3400 0.8167 -0.1550
v -0.3400 0.8350 -0.1367
v -0.3094 0.8350 -0.1494
v -0.2967 0.8350 -0.1800
v -0.3094 0.8350 -0.2106
v -0.3400 0.8350 -0.2233
v -0.3706 0.8350 -0.2106
v -0.3833 0.8350 -0.1800
v -0.3706 0.8350 -0.1494
v -0.3400 0.8350 -0.1367
v -0.3400 0.8600 -0.1300
v -0.3046 0.8600 -0.1446
v -0.2900 0.8600 -0.1800
v -0.3046 0.8600 -0.2154
v -0.3400 0.8600 -0.2300
v -0.3754 0.8600 -0.2154
v -0.3900 0.8600 -0.1800
v -0.3754 0.8600 -0.1446
v -0.3400 0.8600 -0.1300
v -0.3400 0.8850 -0.1367
v -0.3094 0.8850 -0.1494
v -0.2967 0.8850 -0.1800
v -0.3094 0.8850 -0.2106
v -0.3400 0.8850 -0.2233
v -0.3706 0.8850 -0.2106
v -0.3833 0.8850 -0.1800
v -0.3706 0.8850 -0.1494
v -0.3400 0.8850 -0.1367
v -0.3400 0.9033 -0.1550
v -0.3223 0.9033 -0.1623
v -0.3150 0.9033 -0.1800
v -0.3223 0.9033 -0.1977
v -0.3400 0.9033 -0.2050
v -0.3577 0.9033 -0.1977
v -0.3650 0.9033 -0.1800
v -0.3577 0.9033 -0.1623
v -0.3400 0.9033 -0.1550
v -0.3400 0.9100 -0.1800
v -0.3400 0.9100 -0.1800
v -0.3400 0.9100 -0.1800
v -0.3400 0.9100 -0.1800
v -0.3400 0.9100 -0.1800
v -0.3400 0.9100 -0.1800
v -0.3400 0.9100 -0.1800
v -0.3400 0.9100 -0.1800
v -0.3400 0.9100 -0.1800
v 0.2900 1.3547 0.0116
v 0.2724 1.3493 0.0045
v 0.2615 1.3480 -0.0120
v 0.2615 1.3512 -0.0315
v 0.2724 1.3578 -0.0466
v 0.2900 1.3653 -0.0516
v 0.3076 1.3707 -0.0445
v 0.3185 1.3720 -0.0280
v 0.3185 1.3688 -0.0085
v 0.3076 1.3622 0.0066
v 0.3800 1.1154 -0.0324
v 0.3646 1.1106 -0.0386
v 0.3550 1.1095 -0.0530
v 0.3550 1.1123 -0.0701
v 0.3646 1.1181 -0.0833
v 0.3800 1.1246 -0.0876
v 0.3954 1.1294 -0.0814
v 0.4050 1.1305 -0.0670
v 0.4050 1.1277 -0.0499
v 0.3954 1.1219 -0.0367
v 0.2900 1.3600 -0.0200
v 0.3800 1.1200 -0.0600
v 0.3800 1.1083 -0.0346
v 0.3637 1.1126 -0.0385
v 0.3536 1.1197 -0.0506
v 0.3536 1.1270 -0.0663
v 0.3637 1.1316 -0.0796
v 0.3800 1.1317 -0.0854
v 0.3963 1.1274 -0.0815
v 0.4064 1.1203 -0.0694
v 0.4064 1.1130 -0.0537
v 0.3963 1.1084 -0.0404
v 0.3400 0.8491 -0.1564
v 0.3249 0.8531 -0.1600
v 0.3155 0.8597 -0.1713
v 0.3155 0.8665 -0.1859
v 0.3249 0.8707 -0.1982
v 0.3400 0.8709 -0.2036
v 0.3551 0.8669 -0.2000
v 0.3645 0.8603 -0.1887
v 0.3645 0.8535 -0.1741
v 0.3551 0.8493 -0.1618
v 0.3800 1.1200 -0.0600
v 0.3400 0.8600 -0.1800
v 0.2900 1.3200 -0.0200
v 0.2900 1.3200 -0.0200
v 0.2900 1.3200 -0.0200
v 0.2900 1.3200 -0.0200
v 0.2900 1.3200 -0.0200
v 0.2900 1.3200 -0.0200
v 0.2900 1.3200 -0.0200
v 0.2900 1.3200 -0.0200
v 0.2900 1.3200 -0.0200
v 0.2900 1.3254 -0.0000
v 0.3041 1.3254 -0.0059
v 0.3100 1.3254 -0.0200
v 0.3041 1.3254 -0.0341
v 0.2900 1.3254 -0.0400
v 0.2759 1.3254 -0.0341
v 0.2700 1.3254 -0.0200
v 0.2759 1.3254 -0.0059
v 0.2900 1.3254 -0.0000
v 0.2900 1.3400 0.0146
v 0.3145 1.3400 0.0045
v 0.3246 1.3400 -0.0200
v 0.3145 1.3400 -0.0445
v 0.2900 1.3400 -0.0546
v 0.2655 1.3400 -0.0445
v 0.2554 1.3400 -0.0200
v 0.2655 1.3400 0.0045
v 0.2900 1.3400 0.0146
v 0.2900 1.3600 0.0200
v 0.3183 1.3600 0.0083
v 0.3300 1.3600 -0.0200
v 0.3183 1.3600 -0.0483
v 0.2900 1.3600 -0.0600
v 0.2617 1.3600 -0.0483
v 0.2500 1.3600 -0.0200
v 0.2617 1.3600 0.0083
v 0.2900 1.3600 0.0200
v 0.2900 1.3800 0.0146
v 0.3145 1.3800 0.0045
v 0.3246 1.3800 -0.0200
v 0.3145 1.3800 -0.0445
v 0.2900 1.3800 -0.0546
v 0.2655 1.3800 -0.0445
v 0.2554 1.3800 -0.0200
v 0.2655 1.3800 0.0045
v 0.2900 1.3800 0.0146
v 0.2900 1.3946 -0.0000
v 0.3041 1.3946 -0.0059
v 0.3100 1.3946 -0.0200
v 0.3041 1.3946 -0.0341
v 0.2900 1.3946 -0.0400
v 0.2759 1.3946 -0.0341
v 0.2700 1.3946 -0.0200
v 0.2759 1.3946 -0.0059
v 0.2900 1.3946 -0.0000
v 0.2900 1.4000 -0.0200
v 0.2900 1.4000 -0.0200
v 0.2900 1.4000 -0.0200
v 0.2900 1.4000 -0.0200
v 0.2900 1.4000 -0.0200
v 0.2900 1.4000 -0.0200
v 0.2900 1.4000 -0.0200
v 0.2900 1.4000 -0.0200
v 0.2900 1.4000 -0.0200
v 0.3800 1.0860 -0.0600
v 0.3800 1.0860 -0.0600
v 0.3800 1.0860 -0.0600
v 0.3800 1.0860 -0.0600
v 0.3800 1.0860 -0.0600
v 0.3800 1.0860 -0.0600
v 0.3800 1.0860 -0.0600
v 0.3800 1.0860 -0.0600
v 0.3800 1.0860 -0.0600
v 0.3800 1.0906 -0.0430
v 0.3920 1.0906 -0.0480
v 0.3970 1.0906 -0.0600
v 0.3920 1.0906 -0.0720
v 0.3800 1.0906 -0.0770
v 0.3680 1.0906 -0.0720
v 0.3630 1.0906 -0.0600
v 0.3680 1.0906 -0.0480
v 0.3800 1.0906 -0.0430
v 0.3800 1.1030 -0.0306
v 0.4008 1.1030 -0.0392
v 0.4094 1.1030 -0.0600
v 0.4008 1.1030 -0.0808
v 0.3800 1.1030 -0.0894
v 0.3592 1.1030 -0.0808
v 0.3506 1.1030 -0.0600
v 0.3592 1.1030 -0.0392
v 0.3800 1.1030 -0.0306
v 0.3800 1.1200 -0.0260
v 0.4040 1.1200 -0.0360
v 0.4140 1.1200 -0.0600
v 0.4040 1.1200 -0.0840
v 0.3800 1.1200 -0.0940
v 0.3560 1.1200 -0.0840
v 0.3460 1.1200 -0.0600
v 0.3560 1.1200 -0.0360
v 0.3800 1.1200 -0.0260
v 0.3800 1.1370 -0.0306
v 0.4008 1.1370 -0.0392
v 0.4094 1.1370 -0.0600
v 0.4008 1.1370 -0.0808
v 0.3800 1.1370 -0.0894
v 0.3592 1.1370 -0.0808
v 0.3506 1.1370 -0.0600
v 0.3592 1.1370 -0.0392
v 0.3800 1.1370 -0.0306
v 0.3800 1.1494 -0.0430
v 0.3920 1.1494 -0.0480
v 0.3970 1.1494 -0.0600
v 0.3920 1.1494 -0.0720
v 0.3800 1.1494 -0.0770
v 0.3680 1.1494 -0.0720
v 0.3630 1.1494 -0.0600
v 0.3680 1.1494 -0.0480
v 0.3800 1.1494 -0.0430
v 0.3800 1.1540 -0.0600
v 0.3800 1.1540 -0.0600
v 0.3800 1.1540 -0.0600
v 0.3800 1.1540 -0.0600
v 0.3800 1.1540 -0.0600
v 0.3800 1.1540 -0.0600
v 0.3800 1.1540 -0.0600
v 0.3800 1.1540 -0.0600
v 0.3800 1.1540 -0.0600
v 0.3400 0.8100 -0.1800
v 0.3400 0.8100 -0.1800
v 0.3400 0.8100 -0.1800
v 0.3400 0.8100 -0.1800
v 0.3400 0.8100 -0.1800
v 0.3400 0.8100 -0.1800
v 0.3400 0.8100 -0.1800
v 0.3400 0.8100 -0.1800
v 0.3400 0.8100 -0.1800
v 0.3400 0.8167 -0.1550
v 0.3577 0.8167 -0.1623
v 0.3650 0.8167 -0.1800
v 0.3577 0.8167 -0.1977
v 0.3400 0.8167 -0.2050
v 0.3223 0.8167 -0.1977
v 0.3150 0.8167 -0.1800
v 0.3223 0.8167 -0.1623
v 0.3400 0.8167 -0.1550
v 0.3400 0.8350 -0.1367
v 0.3706 0.8350 -0.1494
v 0.3833 0.8350 -0.1800
v 0.3706 0.8350 -0.2106
v 0.3400 0.8350 -0.2233
v 0.3094 0.8350 -0.2106
v 0.2967 0.8350 -0.1800
v 0.3094 0.8350 -0.1494
v 0.3400 0.8350 -0.1367
v 0.3400 0.8600 -0.1300
v 0.3754 0.8600 -0.1446
v 0.3900 0.8600 -0.1800
v 0.3754 0.8600 -0.2154
v 0.3400 0.8600 -0.2300
v 0.3046 0.8600 -0.2154
v 0.2900 0.8600 -0.1800
v 0.3046 0.8600 -0.1446
v 0.3400 0.8600 -0.1300
v 0.3400 0.8850 -0.1367
v 0.3706 0.8850 -0.1494
v 0.3833 0.8850 -0.1800
v 0.3706 0.8850 -0.2106
v 0.3400 0.8850 -0.2233
v 0.3094 0.8850 -0.2106
v 0.2967 0.8850 -0.1800
v 0.3094 0.8850 -0.1494
v 0.3400 0.8850 -0.1367
v 0.3400 0.9033 -0.1550
v 0.3577 0.9033 -0.1623
v 0.3650 0.9033 -0.1800
v 0.3577 0.9033 -0.1977
v 0.3400 0.9033 -0.2050
v 0.3223 0.9033 -0.1977
v 0.3150 0.9033 -0.1800
v 0.3223 0.9033 -0.1623
v 0.3400 0.9033 -0.1550
v 0.3400 0.9100 -0.1800
v 0.3400 0.9100 -0.1800
v 0.3400 0.9100 -0.1800
v 0.3400 0.9100 -0.1800
v 0.3400 0.9100 -0.1800
v 0.3400 0.9100 -0.1800
v 0.3400 0.9100 -0.1800
v 0.3400 0.9100 -0.1800
v 0.3400 0.9100 -0.1800
v 0.3200 1.0445 -0.0967
v 0.3080 1.0443 -0.1001
v 0.2984 1.0473 -0.1075
v 0.2931 1.0528 -0.1173
v 0.2931 1.0597 -0.1277
v 0.2984 1.0667 -0.1365
v 0.3080 1.0723 -0.1421
v 0.3200 1.0755 -0.1433
v 0.3320 1.0757 -0.1399
v 0.3416 1.0727 -0.1325
v 0.3469 1.0672 -0.1227
v 0.3469 1.0603 -0.1123
v 0.3416 1.0533 -0.1035
v 0.3320 1.0477 -0.0979
v 0.5200 0.0323 -0.7234
v 0.4909 0.0319 -0.7317
v 0.4676 0.0391 -0.7496
v 0.4546 0.0525 -0.7735
v 0.4546 0.0692 -0.7987
v 0.4676 0.0862 -0.8202
v 0.4909 0.0999 -0.8337
v 0.5200 0.1077 -0.8366
v 0.5491 0.1081 -0.8283
v 0.5724 0.1009 -0.8104
v 0.5854 0.0875 -0.7865
v 0.5854 0.0708 -0.7613
v 0.5724 0.0538 -0.7398
v 0.5491 0.0401 -0.7263
v 0.3200 1.0600 -0.1200
v 0.5200 0.0700 -0.7800
v 0.3200 1.0260 -0.1200
v 0.3200 1.0260 -0.1200
v 0.3200 1.0260 -0.1200
v 0.3200 1.0260 -0.1200
v 0.3200 1.0260 -0.1200
v 0.3200 1.0260 -0.1200
v 0.3200 1.0260 -0.1200
v 0.3200 1.0260 -0.1200
v 0.3200 1.0260 -0.1200
v 0.3200 1.0306 -0.1030
v 0.3320 1.0306 -0.1080
v 0.3370 1.0306 -0.1200
v 0.3320 1.0306 -0.1320
v 0.3200 1.0306 -0.1370
v 0.3080 1.0306 -0.1320
v 0.3030 1.0306 -0.1200
v 0.3080 1.0306 -0.1080
v 0.3200 1.0306 -0.1030
v 0.3200 1.0430 -0.0906
v 0.3408 1.0430 -0.0992
v 0.3494 1.0430 -0.1200
v 0.3408 1.0430 -0.1408
v 0.3200 1.0430 -0.1494
v 0.2992 1.0430 -0.1408
v 0.2906 1.0430 -0.1200
v 0.2992 1.0430 -0.0992
v 0.3200 1.0430 -0.0906
v 0.3200 1.0600 -0.0860
v 0.3440 1.0600 -0.0960
v 0.3540 1.0600 -0.1200
v 0.3440 1.0600 -0.1440
v 0.3200 1.0600 -0.1540
v 0.2960 1.0600 -0.1440
v 0.2860 1.0600 -0.1200
v 0.2960 1.0600 -0.0960
v 0.3200 1.0600 -0.0860
v 0.3200 1.0770 -0.0906
v 0.3408 1.0770 -0.0992
v 0.3494 1.0770 -0.1200
v 0.3408 1.0770 -0.1408
v 0.3200 1.0770 -0.1494
v 0.2992 1.0770 -0.1408
v 0.2906 1.0770 -0.1200
v 0.2992 1.0770 -0.0992
v 0.3200 1.0770 -0.0906
v 0.3200 1.0894 -0.1030
v 0.3320 1.0894 -0.1080
v 0.3370 1.0894 -0.1200
v 0.3320 1.0894 -0.1320
v 0.3200 1.0894 -0.1370
v 0.3080 1.0894 -0.1320
v 0.3030 1.0894 -0.1200
v 0.3080 1.0894 -0.1080
v 0.3200 1.0894 -0.1030
v 0.3200 1.0940 -0.1200
v 0.3200 1.0940 -0.1200
v 0.3200 1.0940 -0.1200
v 0.3200 1.0940 -0.1200
v 0.3200 1.0940 -0.1200
v 0.3200 1.0940 -0.1200
v 0.3200 1.0940 -0.1200
v 0.3200 1.0940 -0.1200
v 0.3200 1.0940 -0.1200
v 0.5200 0.0020 -0.7800
v 0.5200 0.0020 -0.7800
v 0.5200 0.0020 -0.7800
v 0.5200 0.0020 -0.7800
v 0.5200 0.0020 -0.7800
v 0.5200 0.0020 -0.7800
v 0.5200 0.0020 -0.7800
v 0.5200 0.0020 -0.7800
v 0.5200 0.0020 -0.7800
v 0.5200 0.0020 -0.7800
v 0.5200 0.0020 -0.7800
v 0.5200 0.0020 -0.7800
v 0.5200 0.0020 -0.7800
v 0.5200 0.0072 -0.7540
v 0.5330 0.0072 -0.7575
v 0.5425 0.0072 -0.7670
v 0.5460 0.0072 -0.7800
v 0.5425 0.0072 -0.7930
v 0.5330 0.0072 -0.8025
v 0.5200 0.0072 -0.8060
v 0.5070 0.0072 -0.8025
v 0.4975 0.0072 -0.7930
v 0.4940 0.0072 -0.7800
v 0.4975 0.0072 -0.7670
v 0.5070 0.0072 -0.7575
v 0.5200 0.0072 -0.7540
v 0.5200 0.0219 -0.7319
v 0.5440 0.0219 -0.7384
v 0.5616 0.0219 -0.7560
v 0.5681 0.0219 -0.7800
v 0.5616 0.0219 -0.8040
v 0.5440 0.0219 -0.8216
v 0.5200 0.0219 -0.8281
v 0.4960 0.0219 -0.8216
v 0.4784 0.0219 -0.8040
v 0.4719 0.0219 -0.7800
v 0.4784 0.0219 -0.7560
v 0.4960 0.0219 -0.7384
v 0.5200 0.0219 -0.7319
v 0.5200 0.0440 -0.7172
v 0.5514 0.0440 -0.7256
v 0.5744 0.0440 -0.7486
v 0.5828 0.0440 -0.7800
v 0.5744 0.0440 -0.8114
v 0.5514 0.0440 -0.8344
v 0.5200 0.0440 -0.8428
v 0.4886 0.0440 -0.8344
v 0.4656 0.0440 -0.8114
v 0.4572 0.0440 -0.7800
v 0.4656 0.0440 -0.7486
v 0.4886 0.0440 -0.7256
v 0.5200 0.0440 -0.7172
v 0.5200 0.0700 -0.7120
v 0.5540 0.0700 -0.7211
v 0.5789 0.0700 -0.7460
v 0.5880 0.0700 -0.7800
v 0.5789 0.0700 -0.8140
v 0.5540 0.0700 -0.8389
v 0.5200 0.0700 -0.8480
v 0.4860 0.0700 -0.8389
v 0.4611 0.0700 -0.8140
v 0.4520 0.0700 -0.7800
v 0.4611 0.0700 -0.7460
v 0.4860 0.0700 -0.7211
v 0.5200 0.0700 -0.7120
v 0.5200 0.0960 -0.7172
v 0.5514 0.0960 -0.7256
v 0.5744 0.0960 -0.7486
v 0.5828 0.0960 -0.7800
v 0.5744 0.0960 -0.8114
v 0.5514 0.0960 -0.8344
v 0.5200 0.0960 -0.8428
v 0.4886 0.0960 -0.8344
v 0.4656 0.0960 -0.8114
v 0.4572 0.0960 -0.7800
v 0.4656 0.0960 -0.7486
v 0.4886 0.0960 -0.7256
v 0.5200 0.0960 -0.7172
v 0.5200 0.1181 -0.7319
v 0.5440 0.1181 -0.7384
v 0.5616 0.1181 -0.7560
v 0.5681 0.1181 -0.7800
v 0.5616 0.1181 -0.8040
v 0.5440 0.1181 -0.8216
v 0.5200 0.1181 -0.8281
v 0.4960 0.1181 -0.8216
v 0.4784 0.1181 -0.8040
v 0.4719 0.1181 -0.7800
v 0.4784 0.1181 -0.7560
v 0.4960 0.1181 -0.7384
v 0.5200 0.1181 -0.7319
v 0.5200 0.1328 -0.7540
v 0.5330 0.1328 -0.7575
v 0.5425 0.1328 -0.7670
v 0.5460 0.1328 -0.7800
v 0.5425 0.1328 -0.7930
v 0.5330 0.1328 -0.8025
v 0.5200 0.1328 -0.8060
v 0.5070 0.1328 -0.8025
v 0.4975 0.1328 -0.7930
v 0.4940 0.1328 -0.7800
v 0.4975 0.1328 -0.7670
v 0.5070 0.1328 -0.7575
v 0.5200 0.1328 -0.7540
v 0.5200 0.1380 -0.7800
v 0.5200 0.1380 -0.7800
v 0.5200 0.1380 -0.7800
v 0.5200 0.1380 -0.7800
v 0.5200 0.1380 -0.7800
v 0.5200 0.1380 -0.7800
v 0.5200 0.1380 -0.7800
v 0.5200 0.1380 -0.7800
v 0.5200 0.1380 -0.7800
v 0.5200 0.1380 -0.7800
v 0.5200 0.1380 -0.7800
v 0.5200 0.1380 -0.7800
v 0.5200 0.1380 -0.7800
v -0.1000 0.7510 0.0340
v -0.1200 0.7514 0.0275
v -0.1323 0.7512 0.0105
v -0.1323 0.7506 -0.0105
v -0.1200 0.7498 -0.0275
v -0.1000 0.7490 -0.0340
v -0.0800 0.7486 -0.0275
v -0.0677 0.7488 -0.0105
v -0.0677 0.7494 0.0105
v -0.0800 0.7502 0.0275
v -0.1100 0.4009 0.0400
v -0.1276 0.4012 0.0342
v -0.1385 0.4011 0.0192
v -0.1385 0.4005 0.0007
v -0.1276 0.3998 -0.0143
v -0.1100 0.3991 -0.0200
v -0.0924 0.3988 -0.0142
v -0.0815 0.3989 0.0008
v -0.0815 0.3995 0.0193
v -0.0924 0.4002 0.0343
v -0.1000 0.7500 0.0000
v -0.1100 0.4000 0.0100
v -0.1100 0.3991 0.0400
v -0.1276 0.3995 0.0343
v -0.1385 0.4002 0.0193
v -0.1385 0.4007 0.0007
v -0.1276 0.4010 -0.0143
v -0.1100 0.4009 -0.0200
v -0.0924 0.4005 -0.0143
v -0.0815 0.3998 0.0007
v -0.0815 0.3993 0.0193
v -0.0924 0.3990 0.0343
v -0.1150 0.0692 0.0280
v -0.1315 0.0696 0.0226
v -0.1416 0.0701 0.0087
v -0.1416 0.0707 -0.0086
v -0.1315 0.0709 -0.0226
v -0.1150 0.0708 -0.0280
v -0.0985 0.0704 -0.0226
v -0.0884 0.0699 -0.0087
v -0.0884 0.0693 0.0086
v -0.0985 0.0691 0.0226
v -0.1100 0.4000 0.0100
v -0.1150 0.0700 0.0000
v -0.1100 0.3660 0.0100
v -0.1100 0.3660 0.0100
v -0.1100 0.3660 0.0100
v -0.1100 0.3660 0.0100
v -0.1100 0.3660 0.0100
v -0.1100 0.3660 0.0100
v -0.1100 0.3660 0.0100
v -0.1100 0.3660 0.0100
v -0.1100 0.3660 0.0100
v -0.1100 0.3706 0.0270
v -0.0980 0.3706 0.0220
v -0.0930 0.3706 0.0100
v -0.0980 0.3706 -0.0020
v -0.1100 0.3706 -0.0070
v -0.1220 0.3706 -0.0020
v -0.1270 0.3706 0.0100
v -0.1220 0.3706 0.0220
v -0.1100 0.3706 0.0270
v -0.1100 0.3830 0.0394
v -0.0892 0.3830 0.0308
v -0.0806 0.3830 0.0100
v -0.0892 0.3830 -0.0108
v -0.1100 0.3830 -0.0194
v -0.1308 0.3830 -0.0108
v -0.1394 0.3830 0.0100
v -0.1308 0.3830 0.0308
v -0.1100 0.3830 0.0394
v -0.1100 0.4000 0.0440
v -0.0860 0.4000 0.0340
v -0.0760 0.4000 0.0100
v -0.0860 0.4000 -0.0140
v -0.1100 0.4000 -0.0240
v -0.1340 0.4000 -0.0140
v -0.1440 0.4000 0.0100
v -0.1340 0.4000 0.0340
v -0.1100 0.4000 0.0440
v -0.1100 0.4170 0.0394
v -0.0892 0.4170 0.0308
v -0.0806 0.4170 0.0100
v -0.0892 0.4170 -0.0108
v -0.1100 0.4170 -0.0194
v -0.1308 0.4170 -0.0108
v -0.1394 0.4170 0.0100
v -0.1308 0.4170 0.0308
v -0.1100 0.4170 0.0394
v -0.1100 0.4294 0.0270
v -0.0980 0.4294 0.0220
v -0.0930 0.4294 0.0100
v -0.0980 0.4294 -0.0020
v -0.1100 0.4294 -0.0070
v -0.1220 0.4294 -0.0020
v -0.1270 0.4294 0.0100
v -0.1220 0.4294 0.0220
v -0.1100 0.4294 0.0270
v -0.1100 0.4340 0.0100
v -0.1100 0.4340 0.0100
v -0.1100 0.4340 0.0100
v -0.1100 0.4340 0.0100
v -0.1100 0.4340 0.0100
v -0.1100 0.4340 0.0100
v -0.1100 0.4340 0.0100
v -0.1100 0.4340 0.0100
v -0.1100 0.4340 0.0100
v -0.1150 -0.0050 -0.0600
v -0.1150 -0.0050 -0.0600
v -0.1150 -0.0050 -0.0600
v -0.1150 -0.0050 -0.0600
v -0.1150 -0.0050 -0.0600
v -0.1150 -0.0050 -0.0600
v -0.1150 -0.0050 -0.0600
v -0.1150 -0.0050 -0.0600
v -0.1150 -0.0050 -0.0600
v -0.1150 -0.0050 -0.0600
v -0.1150 -0.0050 -0.0600
v -0.1150 0.0004 -0.0025
v -0.0988 0.0004 -0.0135
v -0.0888 0.0004 -0.0422
v -0.0888 0.0004 -0.0778
v -0.0988 0.0004 -0.1065
v -0.1150 0.0004 -0.1175
v -0.1312 0.0004 -0.1065
v -0.1412 0.0004 -0.0778
v -0.1412 0.0004 -0.0422
v -0.1312 0.0004 -0.0135
v -0.1150 0.0004 -0.0025
v -0.1150 0.0150 0.0396
v -0.0870 0.0150 0.0206
v -0.0697 0.0150 -0.0292
v -0.0697 0.0150 -0.0908
v -0.0870 0.0150 -0.1406
v -0.1150 0.0150 -0.1596
v -0.1430 0.0150 -0.1406
v -0.1603 0.0150 -0.0908
v -0.1603 0.0150 -0.0292
v -0.1430 0.0150 0.0206
v -0.1150 0.0150 0.0396
v -0.1150 0.0350 0.0550
v -0.0827 0.0350 0.0330
v -0.0627 0.0350 -0.0245
v -0.0627 0.0350 -0.0955
v -0.0827 0.0350 -0.1530
v -0.1150 0.0350 -0.1750
v -0.1473 0.0350 -0.1530
v -0.1673 0.0350 -0.0955
v -0.1673 0.0350 -0.0245
v -0.1473 0.0350 0.0330
v -0.1150 0.0350 0.0550
v -0.1150 0.0550 0.0396
v -0.0870 0.0550 0.0206
v -0.0697 0.0550 -0.0292
v -0.0697 0.0550 -0.0908
v -0.0870 0.0550 -0.1406
v -0.1150 0.0550 -0.1596
v -0.1430 0.0550 -0.1406
v -0.1603 0.0550 -0.0908
v -0.1603 0.0550 -0.0292
v -0.1430 0.0550 0.0206
v -0.1150 0.0550 0.0396
v -0.1150 0.0696 -0.0025
v -0.0988 0.0696 -0.0135
v -0.0888 0.0696 -0.0422
v -0.0888 0.0696 -0.0778
v -0.0988 0.0696 -0.1065
v -0.1150 0.0696 -0.1175
v -0.1312 0.0696 -0.1065
v -0.1412 0.0696 -0.0778
v -0.1412 0.0696 -0.0422
v -0.1312 0.0696 -0.0135
v -0.1150 0.0696 -0.0025
v -0.1150 0.0750 -0.0600
v -0.1150 0.0750 -0.0600
v -0.1150 0.0750 -0.0600
v -0.1150 0.0750 -0.0600
v -0.1150 0.0750 -0.0600
v -0.1150 0.0750 -0.0600
v -0.1150 0.0750 -0.0600
v -0.1150 0.0750 -0.0600
v -0.1150 0.0750 -0.0600
v -0.1150 0.0750 -0.0600
v -0.1150 0.0750 -0.0600
v 0.1000 0.7510 0.0340
v 0.0800 0.7502 0.0275
v 0.0677 0.7494 0.0105
v 0.0677 0.7488 -0.0105
v 0.0800 0.7486 -0.0275
v 0.1000 0.7490 -0.0340
v 0.1200 0.7498 -0.0275
v 0.1323 0.7506 -0.0105
v 0.1323 0.7512 0.0105
v 0.1200 0.7514 0.0275
v 0.1100 0.4009 0.0400
v 0.0924 0.4002 0.0343
v 0.0815 0.3995 0.0193
v 0.0815 0.3989 0.0008
v 0.0924 0.3988 -0.0142
v 0.1100 0.3991 -0.0200
v 0.1276 0.3998 -0.0143
v 0.1385 0.4005 0.0007
v 0.1385 0.4011 0.0192
v 0.1276 0.4012 0.0342
v 0.1000 0.7500 0.0000
v 0.1100 0.4000 0.0100
v 0.1100 0.3991 0.0400
v 0.0924 0.3990 0.0343
v 0.0815 0.3993 0.0193
v 0.0815 0.3998 0.0007
v 0.0924 0.4005 -0.0143
v 0.1100 0.4009 -0.0200
v 0.1276 0.4010 -0.0143
v 0.1385 0.4007 0.0007
v 0.1385 0.4002 0.0193
v 0.1276 0.3995 0.0343
v 0.1150 0.0692 0.0280
v 0.0985 0.0691 0.0226
v 0.0884 0.0693 0.0086
v 0.0884 0.0699 -0.0087
v 0.0985 0.0704 -0.0226
v 0.1150 0.0708 -0.0280
v 0.1315 0.0709 -0.0226
v 0.1416 0.0707 -0.0086
v 0.1416 0.0701 0.0087
v 0.1315 0.0696 0.0226
v 0.1100 0.4000 0.0100
v 0.1150 0.0700 0.0000
v 0.1100 0.3660 0.0100
v 0.1100 0.3660 0.0100
v 0.1100 0.3660 0.0100
v 0.1100 0.3660 0.0100
v 0.1100 0.3660 0.0100
v 0.1100 0.3660 0.0100
v 0.1100 0.3660 0.0100
v 0.1100 0.3660 0.0100
v 0.1100 0.3660 0.0100
v 0.1100 0.3706 0.0270
v 0.1220 0.3706 0.0220
v 0.1270 0.3706 0.0100
v 0.1220 0.3706 -0.0020
v 0.1100 0.3706 -0.0070
v 0.0980 0.3706 -0.0020
v 0.0930 0.3706 0.0100
v 0.0980 0.3706 0.0220
v 0.1100 0.3706 0.0270
v 0.1100 0.3830 0.0394
v 0.1308 0.3830 0.0308
v 0.1394 0.3830 0.0100
v 0.1308 0.3830 -0.0108
v 0.1100 0.3830 -0.0194
v 0.0892 0.3830 -0.0108
v 0.0806 0.3830 0.0100
v 0.0892 0.3830 0.0308
v 0.1100 0.3830 0.0394
v 0.1100 0.4000 0.0440
v 0.1340 0.4000 0.0340
v 0.1440 0.4000 0.0100
v 0.1340 0.4000 -0.0140
v 0.1100 0.4000 -0.0240
v 0.0860 0.4000 -0.0140
v 0.0760 0.4000 0.0100
v 0.0860 0.4000 0.0340
v 0.1100 0.4000 0.0440
v 0.1100 0.4170 0.0394
v 0.1308 0.4170 0.0308
v 0.1394 0.4170 0.0100
v 0.1308 0.4170 -0.0108
v 0.1100 0.4170 -0.0194
v 0.0892 0.4170 -0.0108
v 0.0806 0.4170 0.0100
v 0.0892 0.4170 0.0308
v 0.1100 0.4170 0.0394
v 0.1100 0.4294 0.0270
v 0.1220 0.4294 0.0220
v 0.1270 0.4294 0.0100
v 0.1220 0.4294 -0.0020
v 0.1100 0.4294 -0.0070
v 0.0980 0.4294 -0.0020
v 0.0930 0.4294 0.0100
v 0.0980 0.4294 0.0220
v 0.1100 0.4294 0.0270
v 0.1100 0.4340 0.0100
v 0.1100 0.4340 0.0100
v 0.1100 0.4340 0.0100
v 0.1100 0.4340 0.0100
v 0.1100 0.4340 0.0100
v 0.1100 0.4340 0.0100
v 0.1100 0.4340 0.0100
v 0.1100 0.4340 0.0100
v 0.1100 0.4340 0.0100
v 0.1150 -0.0050 -0.0600
v 0.1150 -0.0050 -0.0600
v 0.1150 -0.0050 -0.0600
v 0.1150 -0.0050 -0.0600
v 0.1150 -0.0050 -0.0600
v 0.1150 -0.0050 -0.0600
v 0.1150 -0.0050 -0.0600
v 0.1150 -0.0050 -0.0600
v 0.1150 -0.0050 -0.0600
v 0.1150 -0.0050 -0.0600
v 0.1150 -0.0050 -0.0600
v 0.1150 0.0004 -0.0025
v 0.1312 0.0004 -0.0135
v 0.1412 0.0004 -0.0422
v 0.1412 0.0004 -0.0778
v 0.1312 0.0004 -0.1065
v 0.1150 0.0004 -0.1175
v 0.0988 0.0004 -0.1065
v 0.0888 0.0004 -0.0778
v 0.0888 0.0004 -0.0422
v 0.0988 0.0004 -0.0135
v 0.1150 0.0004 -0.0025
v 0.1150 0.0150 0.0396
v 0.1430 0.0150 0.0206
v 0.1603 0.0150 -0.0292
v 0.1603 0.0150 -0.0908
v 0.1430 0.0150 -0.1406
v 0.1150 0.0150 -0.1596
v 0.0870 0.0150 -0.1406
v 0.0697 0.0150 -0.0908
v 0.0697 0.0150 -0.0292
v 0.0870 0.0150 0.0206
v 0.1150 0.0150 0.0396
v 0.1150 0.0350 0.0550
v 0.1473 0.0350 0.0330
v 0.1673 0.0350 -0.0245
v 0.1673 0.0350 -0.0955
v 0.1473 0.0350 -0.1530
v 0.1150 0.0350 -0.1750
v 0.0827 0.0350 -0.1530
v 0.0627 0.0350 -0.0955
v 0.0627 0.0350 -0.0245
v 0.0827 0.0350 0.0330
v 0.1150 0.0350 0.0550
v 0.1150 0.0550 0.0396
v 0.1430 0.0550 0.0206
v 0.1603 0.0550 -0.0292
v 0.1603 0.0550 -0.0908
v 0.1430 0.0550 -0.1406
v 0.1150 0.0550 -0.1596
v 0.0870 0.0550 -0.1406
v 0.0697 0.0550 -0.0908
v 0.0697 0.0550 -0.0292
v 0.0870 0.0550 0.0206
v 0.1150 0.0550 0.0396
v 0.1150 0.0696 -0.0025
v 0.1312 0.0696 -0.0135
v 0.1412 0.0696 -0.0422
v 0.1412 0.0696 -0.0778
v 0.1312 0.0696 -0.1065
v 0.1150 0.0696 -0.1175
v 0.0988 0.0696 -0.1065
v 0.0888 0.0696 -0.0778
v 0.0888 0.0696 -0.0422
v 0.0988 0.0696 -0.0135
v 0.1150 0.0696 -0.0025
v 0.1150 0.0750 -0.0600
v 0.1150 0.0750 -0.0600
v 0.1150 0.0750 -0.0600
v 0.1150 0.0750 -0.0600
v 0.1150 0.0750 -0.0600
v 0.1150 0.0750 -0.0600
v 0.1150 0.0750 -0.0600
v 0.1150 0.0750 -0.0600
v 0.1150 0.0750 -0.0600
v 0.1150 0.0750 -0.0600
v 0.1150 0.0750 -0.0600
vt 0.0000 0.0000
vt 0.0250 0.0000
vt 0.0500 0.0000
vt 0.0750 0.0000
vt 0.1000 0.0000
vt 0.1250 0.0000
vt 0.1500 0.0000
vt 0.1750 0.0000
vt 0.2000 0.0000
vt 0.2250 0.0000
vt 0.2500 0.0000
vt 0.2750 0.0000
vt 0.3000 0.0000
vt 0.3250 0.0000
vt 0.3500 0.0000
vt 0.3750 0.0000
vt 0.4000 0.0000
vt 0.4250 0.0000
vt 0.4500 0.0000
vt 0.4750 0.0000
vt 0.5000 0.0000
vt 0.5250 0.0000
vt 0.5500 0.0000
vt 0.5750 0.0000
vt 0.6000 0.0000
vt 0.6250 0.0000
vt 0.6500 0.0000
vt 0.6750 0.0000
vt 0.7000 0.0000
vt 0.7250 0.0000
vt 0.7500 0.0000
vt 0.7750 0.0000
vt 0.8000 0.0000
vt 0.8250 0.0000
vt 0.8500 0.0000
vt 0.8750 0.0000
vt 0.9000 0.0000
vt 0.9250 0.0000
vt 0.9500 0.0000
vt 0.9750 0.0000
vt 1.0000 0.0000
vt 0.0000 0.0184
vt 0.0250 0.0184
vt 0.0500 0.0184
vt 0.0750 0.0184
vt 0.1000 0.0184
vt 0.1250 0.0184
vt 0.1500 0.0184
vt 0.1750 0.0184
vt 0.2000 0.0184
vt 0.2250 0.0184
vt 0.2500 0.0184
vt 0.2750 0.0184
vt 0.3000 0.0184
vt 0.3250 0.0184
vt 0.3500 0.0184
vt 0.3750 0.0184
vt 0.4000 0.0184
vt 0.4250 0.0184
vt 0.4500 0.0184
vt 0.4750 0.0184
vt 0.5000 0.0184
vt 0.5250 0.0184
vt 0.5500 0.0184
vt 0.5750 0.0184
vt 0.6000 0.0184
vt 0.6250 0.0184
vt 0.6500 0.0184
vt 0.6750 0.0184
vt 0.7000 0.0184
vt 0.7250 0.0184
vt 0.7500 0.0184
vt 0.7750 0.0184
vt 0.8000 0.0184
vt 0.8250 0.0184
vt 0.8500 0.0184
vt 0.8750 0.0184
vt 0.9000 0.0184
vt 0.9250 0.0184
vt 0.9500 0.0184
vt 0.9750 0.0184
vt 1.0000 0.0184
vt 0.0000 0.0737
vt 0.0250 0.0737
vt 0.0500 0.0737
vt 0.0750 0.0737
vt 0.1000 0.0737
vt 0.1250 0.0737
vt 0.1500 0.0737
vt 0.1750 0.0737
vt 0.2000 0.0737
vt 0.2250 0.0737
vt 0.2500 0.0737
vt 0.2750 0.0737
vt 0.3000 0.0737
vt 0.3250 0.0737
vt 0.3500 0.0737
vt 0.3750 0.0737
vt 0.4000 0.0737
vt 0.4250 0.0737
vt 0.4500 0.0737
vt 0.4750 0.0737
vt 0.5000 0.0737
vt 0.5250 0.0737
vt 0.5500 0.0737
vt 0.5750 0.0737
vt 0.6000 0.0737
vt 0.6250 0.0737
vt 0.6500 0.0737
vt 0.6750 0.0737
vt 0.7000 0.0737
vt 0.7250 0.0737
vt 0.7500 0.0737
vt 0.7750 0.0737
vt 0.8000 0.0737
vt 0.8250 0.0737
vt 0.8500 0.0737
vt 0.8750 0.0737
vt 0.9000 0.0737
vt 0.9250 0.0737
vt 0.9500 0.0737
vt 0.9750 0.0737
vt 1.0000 0.0737
vt 0.0000 0.8295
vt 0.0250 0.8295
vt 0.0500 0.8295
vt 0.0750 0.8295
vt 0.1000 0.8295
vt 0.1250 0.8295
vt 0.1500 0.8295
vt 0.1750 0.8295
vt 0.2000 0.8295
vt 0.2250 0.8295
vt 0.2500 0.8295
vt 0.2750 0.8295
vt 0.3000 0.8295
vt 0.3250 0.8295
vt 0.3500 0.8295
vt 0.3750 0.8295
vt 0.4000 0.8295
vt 0.4250 0.8295
vt 0.4500 0.8295
vt 0.4750 0.8295
vt 0.5000 0.8295
vt 0.5250 0.8295
vt 0.5500 0.8295
vt 0.5750 0.8295
vt 0.6000 0.8295
vt 0.6250 0.8295
vt 0.6500 0.8295
vt 0.6750 0.8295
vt 0.7000 0.8295
vt 0.7250 0.8295
vt 0.7500 0.8295
vt 0.7750 0.8295
vt 0.8000 0.8295
vt 0.8250 0.8295
vt 0.8500 0.8295
vt 0.8750 0.8295
vt 0.9000 0.8295
vt 0.9250 0.8295
vt 0.9500 0.8295
vt 0.9750 0.8295
vt 1.0000 0.8295
vt 0.0000 0.9032
vt 0.0250 0.9032
vt 0.0500 0.9032
vt 0.0750 0.9032
vt 0.1000 0.9032
vt 0.1250 0.9032
vt 0.1500 0.9032
vt 0.1750 0.9032
vt 0.2000 0.9032
vt 0.2250 0.9032
vt 0.2500 0.9032
vt 0.2750 0.9032
vt 0.3000 0.9032
vt 0.3250 0.9032
vt 0.3500 0.9032
vt 0.3750 0.9032
vt 0.4000 0.9032
vt 0.4250 0.9032
vt 0.4500 0.9032
vt 0.4750 0.9032
vt 0.5000 0.9032
vt 0.5250 0.9032
vt 0.5500 0.9032
vt 0.5750 0.9032
vt 0.6000 0.9032
vt 0.6250 0.9032
vt 0.6500 0.9032
vt 0.6750 0.9032
vt 0.7000 0.9032
vt 0.7250 0.9032
vt 0.7500 0.9032
vt 0.7750 0.9032
vt 0.8000 0.9032
vt 0.8250 0.9032
vt 0.8500 0.9032
vt 0.8750 0.9032
vt 0.9000 0.9032
vt 0.9250 0.9032
vt 0.9500 0.9032
vt 0.9750 0.9032
vt 1.0000 0.9032
vt 0.0000 0.9493
vt 0.0250 0.9493
vt 0.0500 0.9493
vt 0.0750 0.9493
vt 0.1000 0.9493
vt 0.1250 0.9493
vt 0.1500 0.9493
vt 0.1750 0.9493
vt 0.2000 0.9493
vt 0.2250 0.9493
vt 0.2500 0.9493
vt 0.2750 0.9493
vt 0.3000 0.9493
vt 0.3250 0.9493
vt 0.3500 0.9493
vt 0.3750 0.9493
vt 0.4000 0.9493
vt 0.4250 0.9493
vt 0.4500 0.9493
vt 0.4750 0.9493
vt 0.5000 0.9493
vt 0.5250 0.9493
vt 0.5500 0.9493
vt 0.5750 0.9493
vt 0.6000 0.9493
vt 0.6250 0.9493
vt 0.6500 0.9493
vt 0.6750 0.9493
vt 0.7000 0.9493
vt 0.7250 0.9493
vt 0.7500 0.9493
vt 0.7750 0.9493
vt 0.8000 0.9493
vt 0.8250 0.9493
vt 0.8500 0.9493
vt 0.8750 0.9493
vt 0.9000 0.9493
vt 0.9250 0.9493
vt 0.9500 0.9493
vt 0.9750 0.9493
vt 1.0000 0.9493
vt 0.0000 0.9770
vt 0.0250 0.9770
vt 0.0500 0.9770
vt 0.0750 0.9770
vt 0.1000 0.9770
vt 0.1250 0.9770
vt 0.1500 0.9770
vt 0.1750 0.9770
vt 0.2000 0.9770
vt 0.2250 0.9770
vt 0.2500 0.9770
vt 0.2750 0.9770
vt 0.3000 0.9770
vt 0.3250 0.9770
vt 0.3500 0.9770
vt 0.3750 0.9770
vt 0.4000 0.9770
vt 0.4250 0.9770
vt 0.4500 0.9770
vt 0.4750 0.9770
vt 0.5000 0.9770
vt 0.5250 0.9770
vt 0.5500 0.9770
vt 0.5750 0.9770
vt 0.6000 0.9770
vt 0.6250 0.9770
vt 0.6500 0.9770
vt 0.6750 0.9770
vt 0.7000 0.9770
vt 0.7250 0.9770
vt 0.7500 0.9770
vt 0.7750 0.9770
vt 0.8000 0.9770
vt 0.8250 0.9770
vt 0.8500 0.9770
vt 0.8750 0.9770
vt 0.9000 0.9770
vt 0.9250 0.9770
vt 0.9500 0.9770
vt 0.9750 0.9770
vt 1.0000 0.9770
vt 0.0000 0.9954
vt 0.0250 0.9954
vt 0.0500 0.9954
vt 0.0750 0.9954
vt 0.1000 0.9954
vt 0.1250 0.9954
vt 0.1500 0.9954
vt 0.1750 0.9954
vt 0.2000 0.9954
vt 0.2250 0.9954
vt 0.2500 0.9954
vt 0.2750 0.9954
vt 0.3000 0.9954
vt 0.3250 0.9954
vt 0.3500 0.9954
vt 0.3750 0.9954
vt 0.4000 0.9954
vt 0.4250 0.9954
vt 0.4500 0.9954
vt 0.4750 0.9954
vt 0.5000 0.9954
vt 0.5250 0.9954
vt 0.5500 0.9954
vt 0.5750 0.9954
vt 0.6000 0.9954
vt 0.6250 0.9954
vt 0.6500 0.9954
vt 0.6750 0.9954
vt 0.7000 0.9954
vt 0.7250 0.9954
vt 0.7500 0.9954
vt 0.7750 0.9954
vt 0.8000 0.9954
vt 0.8250 0.9954
vt 0.8500 0.9954
vt 0.8750 0.9954
vt 0.9000 0.9954
vt 0.9250 0.9954
vt 0.9500 0.9954
vt 0.9750 0.9954
vt 1.0000 0.9954
vt 0.0000 1.0000
vt 0.0250 1.0000
vt 0.0500 1.0000
vt 0.0750 1.0000
vt 0.1000 1.0000
vt 0.1250 1.0000
vt 0.1500 1.0000
vt 0.1750 1.0000
vt 0.2000 1.0000
vt 0.2250 1.0000
vt 0.2500 1.0000
vt 0.2750 1.0000
vt 0.3000 1.0000
vt 0.3250 1.0000
vt 0.3500 1.0000
vt 0.3750 1.0000
vt 0.4000 1.0000
vt 0.4250 1.0000
vt 0.4500 1.0000
vt 0.4750 1.0000
vt 0.5000 1.0000
vt 0.5250 1.0000
vt 0.5500 1.0000
vt 0.5750 1.0000
vt 0.6000 1.0000
vt 0.6250 1.0000
vt 0.6500 1.0000
vt 0.6750 1.0000
vt 0.7000 1.0000
vt 0.7250 1.0000
vt 0.7500 1.0000
vt 0.7750 1.0000
vt 0.8000 1.0000
vt 0.8250 1.0000
vt 0.8500 1.0000
vt 0.8750 1.0000
vt 0.9000 1.0000
vt 0.9250 1.0000
vt 0.9500 1.0000
vt 0.9750 1.0000
vt 1.0000 1.0000
vt 0.5000 0.0000
vt 0.0000 0.5000
vt 0.0625 0.5000
vt 0.1250 0.5000
vt 0.1875 0.5000
vt 0.2500 0.5000
vt 0.3125 0.5000
vt 0.3750 0.5000
vt 0.4375 0.5000
vt 0.5000 0.5000
vt 0.5625 0.5000
vt 0.6250 0.5000
vt 0.6875 0.5000
vt 0.7500 0.5000
vt 0.8125 0.5000
vt 0.8750 0.5000
vt 0.9375 0.5000
vt 1.0000 0.5000
vt 0.0000 0.5000
vt 0.0625 0.5000
vt 0.1250 0.5000
vt 0.1875 0.5000
vt 0.2500 0.5000
vt 0.3125 0.5000
vt 0.3750 0.5000
vt 0.4375 0.5000
vt 0.5000 0.5000
vt 0.5625 0.5000
vt 0.6250 0.5000
vt 0.6875 0.5000
vt 0.7500 0.5000
vt 0.8125 0.5000
vt 0.8750 0.5000
vt 0.9375 0.5000
vt 1.0000 0.5000
vt 0.0000 0.5000
vt 0.0625 0.5000
vt 0.1250 0.5000
vt 0.1875 0.5000
vt 0.2500 0.5000
vt 0.3125 0.5000
vt 0.3750 0.5000
vt 0.4375 0.5000
vt 0.5000 0.5000
vt 0.5625 0.5000
vt 0.6250 0.5000
vt 0.6875 0.5000
vt 0.7500 0.5000
vt 0.8125 0.5000
vt 0.8750 0.5000
vt 0.9375 0.5000
vt 1.0000 0.5000
vt 0.0000 0.5000
vt 0.0625 0.5000
vt 0.1250 0.5000
vt 0.1875 0.5000
vt 0.2500 0.5000
vt 0.3125 0.5000
vt 0.3750 0.5000
vt 0.4375 0.5000
vt 0.5000 0.5000
vt 0.5625 0.5000
vt 0.6250 0.5000
vt 0.6875 0.5000
vt 0.7500 0.5000
vt 0.8125 0.5000
vt 0.8750 0.5000
vt 0.9375 0.5000
vt 1.0000 0.5000
vt 0.0000 0.5000
vt 0.0625 0.5000
vt 0.1250 0.5000
vt 0.1875 0.5000
vt 0.2500 0.5000
vt 0.3125 0.5000
vt 0.3750 0.5000
vt 0.4375 0.5000
vt 0.5000 0.5000
vt 0.5625 0.5000
vt 0.6250 0.5000
vt 0.6875 0.5000
vt 0.7500 0.5000
vt 0.8125 0.5000
vt 0.8750 0.5000
vt 0.9375 0.5000
vt 1.0000 0.5000
vt 0.0000 0.5000
vt 0.0625 0.5000
vt 0.1250 0.5000
vt 0.1875 0.5000
vt 0.2500 0.5000
vt 0.3125 0.5000
vt 0.3750 0.5000
vt 0.4375 0.5000
vt 0.5000 0.5000
vt 0.5625 0.5000
vt 0.6250 0.5000
vt 0.6875 0.5000
vt 0.7500 0.5000
vt 0.8125 0.5000
vt 0.8750 0.5000
vt 0.9375 0.5000
vt 1.0000 0.5000
vt 0.0000 0.5000
vt 0.0625 0.5000
vt 0.1250 0.5000
vt 0.1875 0.5000
vt 0.2500 0.5000
vt 0.3125 0.5000
vt 0.3750 0.5000
vt 0.4375 0.5000
vt 0.5000 0.5000
vt 0.5625 0.5000
vt 0.6250 0.5000
vt 0.6875 0.5000
vt 0.7500 0.5000
vt 0.8125 0.5000
vt 0.8750 0.5000
vt 0.9375 0.5000
vt 1.0000 0.5000
vt 0.0000 0.5000
vt 0.0625 0.5000
vt 0.1250 0.5000
vt 0.1875 0.5000
vt 0.2500 0.5000
vt 0.3125 0.5000
vt 0.3750 0.5000
vt 0.4375 0.5000
vt 0.5000 0.5000
vt 0.5625 0.5000
vt 0.6250 0.5000
vt 0.6875 0.5000
vt 0.7500 0.5000
vt 0.8125 0.5000
vt 0.8750 0.5000
vt 0.9375 0.5000
vt 1.0000 0.5000
vt 0.0000 0.5000
vt 0.0625 0.5000
vt 0.1250 0.5000
vt 0.1875 0.5000
vt 0.2500 0.5000
vt 0.3125 0.5000
vt 0.3750 0.5000
vt 0.4375 0.5000
vt 0.5000 0.5000
vt 0.5625 0.5000
vt 0.6250 0.5000
vt 0.6875 0.5000
vt 0.7500 0.5000
vt 0.8125 0.5000
vt 0.8750 0.5000
vt 0.9375 0.5000
vt 1.0000 0.5000
vt 0.0000 0.5000
vt 0.0625 0.5000
vt 0.1250 0.5000
vt 0.1875 0.5000
vt 0.2500 0.5000
vt 0.3125 0.5000
vt 0.3750 0.5000
vt 0.4375 0.5000
vt 0.5000 0.5000
vt 0.5625 0.5000
vt 0.6250 0.5000
vt 0.6875 0.5000
vt 0.7500 0.5000
vt 0.8125 0.5000
vt 0.8750 0.5000
vt 0.9375 0.5000
vt 1.0000 0.5000
vt 0.0000 0.5000
vt 0.0625 0.5000
vt 0.1250 0.5000
vt 0.1875 0.5000
vt 0.2500 0.5000
vt 0.3125 0.5000
vt 0.3750 0.5000
vt 0.4375 0.5000
vt 0.5000 0.5000
vt 0.5625 0.5000
vt 0.6250 0.5000
vt 0.6875 0.5000
vt 0.7500 0.5000
vt 0.8125 0.5000
vt 0.8750 0.5000
vt 0.9375 0.5000
vt 1.0000 0.5000
vt 0.0000 0.5000
vt 0.0625 0.5000
vt 0.1250 0.5000
vt 0.1875 0.5000
vt 0.2500 0.5000
vt 0.3125 0.5000
vt 0.3750 0.5000
vt 0.4375 0.5000
vt 0.5000 0.5000
vt 0.5625 0.5000
vt 0.6250 0.5000
vt 0.6875 0.5000
vt 0.7500 0.5000
vt 0.8125 0.5000
vt 0.8750 0.5000
vt 0.9375 0.5000
vt 1.0000 0.5000
vt 0.0000 0.5000
vt 0.0625 0.5000
vt 0.1250 0.5000
vt 0.1875 0.5000
vt 0.2500 0.5000
vt 0.3125 0.5000
vt 0.3750 0.5000
vt 0.4375 0.5000
vt 0.5000 0.5000
vt 0.5625 0.5000
vt 0.6250 0.5000
vt 0.6875 0.5000
vt 0.7500 0.5000
vt 0.8125 0.5000
vt 0.8750 0.5000
vt 0.9375 0.5000
vt 1.0000 0.5000
vt 0.0000 0.5000
vt 0.0625 0.5000
vt 0.1250 0.5000
vt 0.1875 0.5000
vt 0.2500 0.5000
vt 0.3125 0.5000
vt 0.3750 0.5000
vt 0.4375 0.5000
vt 0.5000 0.5000
vt 0.5625 0.5000
vt 0.6250 0.5000
vt 0.6875 0.5000
vt 0.7500 0.5000
vt 0.8125 0.5000
vt 0.8750 0.5000
vt 0.9375 0.5000
vt 1.0000 0.5000
vt 0.0000 0.5000
vt 0.0625 0.5000
vt 0.1250 0.5000
vt 0.1875 0.5000
vt 0.2500 0.5000
vt 0.3125 0.5000
vt 0.3750 0.5000
vt 0.4375 0.5000
vt 0.5000 0.5000
vt 0.5625 0.5000
vt 0.6250 0.5000
vt 0.6875 0.5000
vt 0.7500 0.5000
vt 0.8125 0.5000
vt 0.8750 0.5000
vt 0.9375 0.5000
vt 1.0000 0.5000
vt 0.0000 0.5000
vt 0.0625 0.5000
vt 0.1250 0.5000
vt 0.1875 0.5000
vt 0.2500 0.5000
vt 0.3125 0.5000
vt 0.3750 0.5000
vt 0.4375 0.5000
vt 0.5000 0.5000
vt 0.5625 0.5000
vt 0.6250 0.5000
vt 0.6875 0.5000
vt 0.7500 0.5000
vt 0.8125 0.5000
vt 0.8750 0.5000
vt 0.9375 0.5000
vt 1.0000 0.5000
vt 0.0000 0.5000
vt 0.0625 0.5000
vt 0.1250 0.5000
vt 0.1875 0.5000
vt 0.2500 0.5000
vt 0.3125 0.5000
vt 0.3750 0.5000
vt 0.4375 0.5000
vt 0.5000 0.5000
vt 0.5625 0.5000
vt 0.6250 0.5000
vt 0.6875 0.5000
vt 0.7500 0.5000
vt 0.8125 0.5000
vt 0.8750 0.5000
vt 0.9375 0.5000
vt 1.0000 0.5000
vt 0.0000 0.5000
vt 0.0625 0.5000
vt 0.1250 0.5000
vt 0.1875 0.5000
vt 0.2500 0.5000
vt 0.3125 0.5000
vt 0.3750 0.5000
vt 0.4375 0.5000
vt 0.5000 0.5000
vt 0.5625 0.5000
vt 0.6250 0.5000
vt 0.6875 0.5000
vt 0.7500 0.5000
vt 0.8125 0.5000
vt 0.8750 0.5000
vt 0.9375 0.5000
vt 1.0000 0.5000
vt 0.0000 0.5000
vt 0.0625 0.5000
vt 0.1250 0.5000
vt 0.1875 0.5000
vt 0.2500 0.5000
vt 0.3125 0.5000
vt 0.3750 0.5000
vt 0.4375 0.5000
vt 0.5000 0.5000
vt 0.5625 0.5000
vt 0.6250 0.5000
vt 0.6875 0.5000
vt 0.7500 0.5000
vt 0.8125 0.5000
vt 0.8750 0.5000
vt 0.9375 0.5000
vt 1.0000 0.5000
vt 0.0000 0.5000
vt 0.0625 0.5000
vt 0.1250 0.5000
vt 0.1875 0.5000
vt 0.2500 0.5000
vt 0.3125 0.5000
vt 0.3750 0.5000
vt 0.4375 0.5000
vt 0.5000 0.5000
vt 0.5625 0.5000
vt 0.6250 0.5000
vt 0.6875 0.5000
vt 0.7500 0.5000
vt 0.8125 0.5000
vt 0.8750 0.5000
vt 0.9375 0.5000
vt 1.0000 0.5000
vt 0.0000 0.5000
vt 0.0625 0.5000
vt 0.1250 0.5000
vt 0.1875 0.5000
vt 0.2500 0.5000
vt 0.3125 0.5000
vt 0.3750 0.5000
vt 0.4375 0.5000
vt 0.5000 0.5000
vt 0.5625 0.5000
vt 0.6250 0.5000
vt 0.6875 0.5000
vt 0.7500 0.5000
vt 0.8125 0.5000
vt 0.8750 0.5000
vt 0.9375 0.5000
vt 1.0000 0.5000
vt 0.0000 0.5000
vt 0.0625 0.5000
vt 0.1250 0.5000
vt 0.1875 0.5000
vt 0.2500 0.5000
vt 0.3125 0.5000
vt 0.3750 0.5000
vt 0.4375 0.5000
vt 0.5000 0.5000
vt 0.5625 0.5000
vt 0.6250 0.5000
vt 0.6875 0.5000
vt 0.7500 0.5000
vt 0.8125 0.5000
vt 0.8750 0.5000
vt 0.9375 0.5000
vt 1.0000 0.5000
vt 0.0000 0.5000
vt 0.0625 0.5000
vt 0.1250 0.5000
vt 0.1875 0.5000
vt 0.2500 0.5000
vt 0.3125 0.5000
vt 0.3750 0.5000
vt 0.4375 0.5000
vt 0.5000 0.5000
vt 0.5625 0.5000
vt 0.6250 0.5000
vt 0.6875 0.5000
vt 0.7500 0.5000
vt 0.8125 0.5000
vt 0.8750 0.5000
vt 0.9375 0.5000
vt 1.0000 0.5000
vt 0.0000 0.5000
vt 0.0625 0.5000
vt 0.1250 0.5000
vt 0.1875 0.5000
vt 0.2500 0.5000
vt 0.3125 0.5000
vt 0.3750 0.5000
vt 0.4375 0.5000
vt 0.5000 0.5000
vt 0.5625 0.5000
vt 0.6250 0.5000
vt 0.6875 0.5000
vt 0.7500 0.5000
vt 0.8125 0.5000
vt 0.8750 0.5000
vt 0.9375 0.5000
vt 1.0000 0.5000
vt 0.0000 0.5000
vt 0.0625 0.5000
vt 0.1250 0.5000
vt 0.1875 0.5000
vt 0.2500 0.5000
vt 0.3125 0.5000
vt 0.3750 0.5000
vt 0.4375 0.5000
vt 0.5000 0.5000
vt 0.5625 0.5000
vt 0.6250 0.5000
vt 0.6875 0.5000
vt 0.7500 0.5000
vt 0.8125 0.5000
vt 0.8750 0.5000
vt 0.9375 0.5000
vt 1.0000 0.5000
vt 0.0000 0.5000
vt 0.0625 0.5000
vt 0.1250 0.5000
vt 0.1875 0.5000
vt 0.2500 0.5000
vt 0.3125 0.5000
vt 0.3750 0.5000
vt 0.4375 0.5000
vt 0.5000 0.5000
vt 0.5625 0.5000
vt 0.6250 0.5000
vt 0.6875 0.5000
vt 0.7500 0.5000
vt 0.8125 0.5000
vt 0.8750 0.5000
vt 0.9375 0.5000
vt 1.0000 0.5000
vt 0.0000 0.5000
vt 0.0625 0.5000
vt 0.1250 0.5000
vt 0.1875 0.5000
vt 0.2500 0.5000
vt 0.3125 0.5000
vt 0.3750 0.5000
vt 0.4375 0.5000
vt 0.5000 0.5000
vt 0.5625 0.5000
vt 0.6250 0.5000
vt 0.6875 0.5000
vt 0.7500 0.5000
vt 0.8125 0.5000
vt 0.8750 0.5000
vt 0.9375 0.5000
vt 1.0000 0.5000
vt 0.0000 0.5000
vt 0.0625 0.5000
vt 0.1250 0.5000
vt 0.1875 0.5000
vt 0.2500 0.5000
vt 0.3125 0.5000
vt 0.3750 0.5000
vt 0.4375 0.5000
vt 0.5000 0.5000
vt 0.5625 0.5000
vt 0.6250 0.5000
vt 0.6875 0.5000
vt 0.7500 0.5000
vt 0.8125 0.5000
vt 0.8750 0.5000
vt 0.9375 0.5000
vt 1.0000 0.5000
vt 0.0000 0.5000
vt 0.0625 0.5000
vt 0.1250 0.5000
vt 0.1875 0.5000
vt 0.2500 0.5000
vt 0.3125 0.5000
vt 0.3750 0.5000
vt 0.4375 0.5000
vt 0.5000 0.5000
vt 0.5625 0.5000
vt 0.6250 0.5000
vt 0.6875 0.5000
vt 0.7500 0.5000
vt 0.8125 0.5000
vt 0.8750 0.5000
vt 0.9375 0.5000
vt 1.0000 0.5000
vt 0.0000 0.5000
vt 0.0625 0.5000
vt 0.1250 0.5000
vt 0.1875 0.5000
vt 0.2500 0.5000
vt 0.3125 0.5000
vt 0.3750 0.5000
vt 0.4375 0.5000
vt 0.5000 0.5000
vt 0.5625 0.5000
vt 0.6250 0.5000
vt 0.6875 0.5000
vt 0.7500 0.5000
vt 0.8125 0.5000
vt 0.8750 0.5000
vt 0.9375 0.5000
vt 1.0000 0.5000
vt 0.0000 0.5000
vt 0.0625 0.5000
vt 0.1250 0.5000
vt 0.1875 0.5000
vt 0.2500 0.5000
vt 0.3125 0.5000
vt 0.3750 0.5000
vt 0.4375 0.5000
vt 0.5000 0.5000
vt 0.5625 0.5000
vt 0.6250 0.5000
vt 0.6875 0.5000
vt 0.7500 0.5000
vt 0.8125 0.5000
vt 0.8750 0.5000
vt 0.9375 0.5000
vt 1.0000 0.5000
vt 0.0000 0.5000
vt 0.0625 0.5000
vt 0.1250 0.5000
vt 0.1875 0.5000
vt 0.2500 0.5000
vt 0.3125 0.5000
vt 0.3750 0.5000
vt 0.4375 0.5000
vt 0.5000 0.5000
vt 0.5625 0.5000
vt 0.6250 0.5000
vt 0.6875 0.5000
vt 0.7500 0.5000
vt 0.8125 0.5000
vt 0.8750 0.5000
vt 0.9375 0.5000
vt 1.0000 0.5000
vt 0.0000 0.5000
vt 0.0625 0.5000
vt 0.1250 0.5000
vt 0.1875 0.5000
vt 0.2500 0.5000
vt 0.3125 0.5000
vt 0.3750 0.5000
vt 0.4375 0.5000
vt 0.5000 0.5000
vt 0.5625 0.5000
vt 0.6250 0.5000
vt 0.6875 0.5000
vt 0.7500 0.5000
vt 0.8125 0.5000
vt 0.8750 0.5000
vt 0.9375 0.5000
vt 1.0000 0.5000
vt 0.0000 0.5000
vt 0.0625 0.5000
vt 0.1250 0.5000
vt 0.1875 0.5000
vt 0.2500 0.5000
vt 0.3125 0.5000
vt 0.3750 0.5000
vt 0.4375 0.5000
vt 0.5000 0.5000
vt 0.5625 0.5000
vt 0.6250 0.5000
vt 0.6875 0.5000
vt 0.7500 0.5000
vt 0.8125 0.5000
vt 0.8750 0.5000
vt 0.9375 0.5000
vt 1.0000 0.5000
vt 0.0000 0.5000
vt 0.0625 0.5000
vt 0.1250 0.5000
vt 0.1875 0.5000
vt 0.2500 0.5000
vt 0.3125 0.5000
vt 0.3750 0.5000
vt 0.4375 0.5000
vt 0.5000 0.5000
vt 0.5625 0.5000
vt 0.6250 0.5000
vt 0.6875 0.5000
vt 0.7500 0.5000
vt 0.8125 0.5000
vt 0.8750 0.5000
vt 0.9375 0.5000
vt 1.0000 0.5000
vt 0.0000 0.5000
vt 0.0625 0.5000
vt 0.1250 0.5000
vt 0.1875 0.5000
vt 0.2500 0.5000
vt 0.3125 0.5000
vt 0.3750 0.5000
vt 0.4375 0.5000
vt 0.5000 0.5000
vt 0.5625 0.5000
vt 0.6250 0.5000
vt 0.6875 0.5000
vt 0.7500 0.5000
vt 0.8125 0.5000
vt 0.8750 0.5000
vt 0.9375 0.5000
vt 1.0000 0.5000
vt 0.0000 0.5000
vt 0.0625 0.5000
vt 0.1250 0.5000
vt 0.1875 0.5000
vt 0.2500 0.5000
vt 0.3125 0.5000
vt 0.3750 0.5000
vt 0.4375 0.5000
vt 0.5000 0.5000
vt 0.5625 0.5000
vt 0.6250 0.5000
vt 0.6875 0.5000
vt 0.7500 0.5000
vt 0.8125 0.5000
vt 0.8750 0.5000
vt 0.9375 0.5000
vt 1.0000 0.5000
vt 0.0000 0.5000
vt 0.0625 0.5000
vt 0.1250 0.5000
vt 0.1875 0.5000
vt 0.2500 0.5000
vt 0.3125 0.5000
vt 0.3750 0.5000
vt 0.4375 0.5000
vt 0.5000 0.5000
vt 0.5625 0.5000
vt 0.6250 0.5000
vt 0.6875 0.5000
vt 0.7500 0.5000
vt 0.8125 0.5000
vt 0.8750 0.5000
vt 0.9375 0.5000
vt 1.0000 0.5000
vt 0.0000 0.5000
vt 0.0625 0.5000
vt 0.1250 0.5000
vt 0.1875 0.5000
vt 0.2500 0.5000
vt 0.3125 0.5000
vt 0.3750 0.5000
vt 0.4375 0.5000
vt 0.5000 0.5000
vt 0.5625 0.5000
vt 0.6250 0.5000
vt 0.6875 0.5000
vt 0.7500 0.5000
vt 0.8125 0.5000
vt 0.8750 0.5000
vt 0.9375 0.5000
vt 1.0000 0.5000
vt 0.0000 0.5000
vt 0.0625 0.5000
vt 0.1250 0.5000
vt 0.1875 0.5000
vt 0.2500 0.5000
vt 0.3125 0.5000
vt 0.3750 0.5000
vt 0.4375 0.5000
vt 0.5000 0.5000
vt 0.5625 0.5000
vt 0.6250 0.5000
vt 0.6875 0.5000
vt 0.7500 0.5000
vt 0.8125 0.5000
vt 0.8750 0.5000
vt 0.9375 0.5000
vt 1.0000 0.5000
vt 0.0000 0.5000
vt 0.0625 0.5000
vt 0.1250 0.5000
vt 0.1875 0.5000
vt 0.2500 0.5000
vt 0.3125 0.5000
vt 0.3750 0.5000
vt 0.4375 0.5000
vt 0.5000 0.5000
vt 0.5625 0.5000
vt 0.6250 0.5000
vt 0.6875 0.5000
vt 0.7500 0.5000
vt 0.8125 0.5000
vt 0.8750 0.5000
vt 0.9375 0.5000
vt 1.0000 0.5000
vt 0.0000 0.5000
vt 0.0625 0.5000
vt 0.1250 0.5000
vt 0.1875 0.5000
vt 0.2500 0.5000
vt 0.3125 0.5000
vt 0.3750 0.5000
vt 0.4375 0.5000
vt 0.5000 0.5000
vt 0.5625 0.5000
vt 0.6250 0.5000
vt 0.6875 0.5000
vt 0.7500 0.5000
vt 0.8125 0.5000
vt 0.8750 0.5000
vt 0.9375 0.5000
vt 1.0000 0.5000
vt 0.0000 0.5000
vt 0.0625 0.5000
vt 0.1250 0.5000
vt 0.1875 0.5000
vt 0.2500 0.5000
vt 0.3125 0.5000
vt 0.3750 0.5000
vt 0.4375 0.5000
vt 0.5000 0.5000
vt 0.5625 0.5000
vt 0.6250 0.5000
vt 0.6875 0.5000
vt 0.7500 0.5000
vt 0.8125 0.5000
vt 0.8750 0.5000
vt 0.9375 0.5000
vt 1.0000 0.5000
vt 0.0000 0.5000
vt 0.0625 0.5000
vt 0.1250 0.5000
vt 0.1875 0.5000
vt 0.2500 0.5000
vt 0.3125 0.5000
vt 0.3750 0.5000
vt 0.4375 0.5000
vt 0.5000 0.5000
vt 0.5625 0.5000
vt 0.6250 0.5000
vt 0.6875 0.5000
vt 0.7500 0.5000
vt 0.8125 0.5000
vt 0.8750 0.5000
vt 0.9375 0.5000
vt 1.0000 0.5000
vt 0.0000 0.5000
vt 0.0625 0.5000
vt 0.1250 0.5000
vt 0.1875 0.5000
vt 0.2500 0.5000
vt 0.3125 0.5000
vt 0.3750 0.5000
vt 0.4375 0.5000
vt 0.5000 0.5000
vt 0.5625 0.5000
vt 0.6250 0.5000
vt 0.6875 0.5000
vt 0.7500 0.5000
vt 0.8125 0.5000
vt 0.8750 0.5000
vt 0.9375 0.5000
vt 1.0000 0.5000
vt 0.0000 0.5000
vt 0.0625 0.5000
vt 0.1250 0.5000
vt 0.1875 0.5000
vt 0.2500 0.5000
vt 0.3125 0.5000
vt 0.3750 0.5000
vt 0.4375 0.5000
vt 0.5000 0.5000
vt 0.5625 0.5000
vt 0.6250 0.5000
vt 0.6875 0.5000
vt 0.7500 0.5000
vt 0.8125 0.5000
vt 0.8750 0.5000
vt 0.9375 0.5000
vt 1.0000 0.5000
vt 0.0000 0.5000
vt 0.0625 0.5000
vt 0.1250 0.5000
vt 0.1875 0.5000
vt 0.2500 0.5000
vt 0.3125 0.5000
vt 0.3750 0.5000
vt 0.4375 0.5000
vt 0.5000 0.5000
vt 0.5625 0.5000
vt 0.6250 0.5000
vt 0.6875 0.5000
vt 0.7500 0.5000
vt 0.8125 0.5000
vt 0.8750 0.5000
vt 0.9375 0.5000
vt 1.0000 0.5000
vt 0.0000 0.5000
vt 0.0625 0.5000
vt 0.1250 0.5000
vt 0.1875 0.5000
vt 0.2500 0.5000
vt 0.3125 0.5000
vt 0.3750 0.5000
vt 0.4375 0.5000
vt 0.5000 0.5000
vt 0.5625 0.5000
vt 0.6250 0.5000
vt 0.6875 0.5000
vt 0.7500 0.5000
vt 0.8125 0.5000
vt 0.8750 0.5000
vt 0.9375 0.5000
vt 1.0000 0.5000
vt 0.0000 0.5000
vt 0.0625 0.5000
vt 0.1250 0.5000
vt 0.1875 0.5000
vt 0.2500 0.5000
vt 0.3125 0.5000
vt 0.3750 0.5000
vt 0.4375 0.5000
vt 0.5000 0.5000
vt 0.5625 0.5000
vt 0.6250 0.5000
vt 0.6875 0.5000
vt 0.7500 0.5000
vt 0.8125 0.5000
vt 0.8750 0.5000
vt 0.9375 0.5000
vt 1.0000 0.5000
vt 0.0000 0.5000
vt 0.0625 0.5000
vt 0.1250 0.5000
vt 0.1875 0.5000
vt 0.2500 0.5000
vt 0.3125 0.5000
vt 0.3750 0.5000
vt 0.4375 0.5000
vt 0.5000 0.5000
vt 0.5625 0.5000
vt 0.6250 0.5000
vt 0.6875 0.5000
vt 0.7500 0.5000
vt 0.8125 0.5000
vt 0.8750 0.5000
vt 0.9375 0.5000
vt 1.0000 0.5000
vt 0.0000 0.5000
vt 0.0625 0.5000
vt 0.1250 0.5000
vt 0.1875 0.5000
vt 0.2500 0.5000
vt 0.3125 0.5000
vt 0.3750 0.5000
vt 0.4375 0.5000
vt 0.5000 0.5000
vt 0.5625 0.5000
vt 0.6250 0.5000
vt 0.6875 0.5000
vt 0.7500 0.5000
vt 0.8125 0.5000
vt 0.8750 0.5000
vt 0.9375 0.5000
vt 1.0000 0.5000
vt 0.0000 0.5000
vt 0.0625 0.5000
vt 0.1250 0.5000
vt 0.1875 0.5000
vt 0.2500 0.5000
vt 0.3125 0.5000
vt 0.3750 0.5000
vt 0.4375 0.5000
vt 0.5000 0.5000
vt 0.5625 0.5000
vt 0.6250 0.5000
vt 0.6875 0.5000
vt 0.7500 0.5000
vt 0.8125 0.5000
vt 0.8750 0.5000
vt 0.9375 0.5000
vt 1.0000 0.5000
vt 0.0000 0.5000
vt 0.0625 0.5000
vt 0.1250 0.5000
vt 0.1875 0.5000
vt 0.2500 0.5000
vt 0.3125 0.5000
vt 0.3750 0.5000
vt 0.4375 0.5000
vt 0.5000 0.5000
vt 0.5625 0.5000
vt 0.6250 0.5000
vt 0.6875 0.5000
vt 0.7500 0.5000
vt 0.8125 0.5000
vt 0.8750 0.5000
vt 0.9375 0.5000
vt 1.0000 0.5000
vt 0.0000 0.5000
vt 0.0625 0.5000
vt 0.1250 0.5000
vt 0.1875 0.5000
vt 0.2500 0.5000
vt 0.3125 0.5000
vt 0.3750 0.5000
vt 0.4375 0.5000
vt 0.5000 0.5000
vt 0.5625 0.5000
vt 0.6250 0.5000
vt 0.6875 0.5000
vt 0.7500 0.5000
vt 0.8125 0.5000
vt 0.8750 0.5000
vt 0.9375 0.5000
vt 1.0000 0.5000
vt 0.0000 0.5000
vt 0.0625 0.5000
vt 0.1250 0.5000
vt 0.1875 0.5000
vt 0.2500 0.5000
vt 0.3125 0.5000
vt 0.3750 0.5000
vt 0.4375 0.5000
vt 0.5000 0.5000
vt 0.5625 0.5000
vt 0.6250 0.5000
vt 0.6875 0.5000
vt 0.7500 0.5000
vt 0.8125 0.5000
vt 0.8750 0.5000
vt 0.9375 0.5000
vt 1.0000 0.5000
vt 0.0000 1.0000
vt 0.1000 1.0000
vt 0.2000 1.0000
vt 0.3000 1.0000
vt 0.4000 1.0000
vt 0.5000 1.0000
vt 0.6000 1.0000
vt 0.7000 1.0000
vt 0.8000 1.0000
vt 0.9000 1.0000
vt 0.0000 0.0000
vt 0.1000 0.0000
vt 0.2000 0.0000
vt 0.3000 0.0000
vt 0.4000 0.0000
vt 0.5000 0.0000
vt 0.6000 0.0000
vt 0.7000 0.0000
vt 0.8000 0.0000
vt 0.9000 0.0000
vt 0.0000 1.0000
vt 0.0000 1.0000
vt 0.0000 1.0000
vt 0.1000 1.0000
vt 0.2000 1.0000
vt 0.3000 1.0000
vt 0.4000 1.0000
vt 0.5000 1.0000
vt 0.6000 1.0000
vt 0.7000 1.0000
vt 0.8000 1.0000
vt 0.9000 1.0000
vt 0.0000 0.0000
vt 0.1000 0.0000
vt 0.2000 0.0000
vt 0.3000 0.0000
vt 0.4000 0.0000
vt 0.5000 0.0000
vt 0.6000 0.0000
vt 0.7000 0.0000
vt 0.8000 0.0000
vt 0.9000 0.0000
vt 0.0000 1.0000
vt 0.0000 1.0000
vt 0.0000 0.5000
vt 0.1250 0.5000
vt 0.2500 0.5000
vt 0.3750 0.5000
vt 0.5000 0.5000
vt 0.6250 0.5000
vt 0.7500 0.5000
vt 0.8750 0.5000
vt 1.0000 0.5000
vt 0.0000 0.5000
vt 0.1250 0.5000
vt 0.2500 0.5000
vt 0.3750 0.5000
vt 0.5000 0.5000
vt 0.6250 0.5000
vt 0.7500 0.5000
vt 0.8750 0.5000
vt 1.0000 0.5000
vt 0.0000 0.5000
vt 0.1250 0.5000
vt 0.2500 0.5000
vt 0.3750 0.5000
vt 0.5000 0.5000
vt 0.6250 0.5000
vt 0.7500 0.5000
vt 0.8750 0.5000
vt 1.0000 0.5000
vt 0.0000 0.5000
vt 0.1250 0.5000
vt 0.2500 0.5000
vt 0.3750 0.5000
vt 0.5000 0.5000
vt 0.6250 0.5000
vt 0.7500 0.5000
vt 0.8750 0.5000
vt 1.0000 0.5000
vt 0.0000 0.5000
vt 0.1250 0.5000
vt 0.2500 0.5000
vt 0.3750 0.5000
vt 0.5000 0.5000
vt 0.6250 0.5000
vt 0.7500 0.5000
vt 0.8750 0.5000
vt 1.0000 0.5000
vt 0.0000 0.5000
vt 0.1250 0.5000
vt 0.2500 0.5000
vt 0.3750 0.5000
vt 0.5000 0.5000
vt 0.6250 0.5000
vt 0.7500 0.5000
vt 0.8750 0.5000
vt 1.0000 0.5000
vt 0.0000 0.5000
vt 0.1250 0.5000
vt 0.2500 0.5000
vt 0.3750 0.5000
vt 0.5000 0.5000
vt 0.6250 0.5000
vt 0.7500 0.5000
vt 0.8750 0.5000
vt 1.0000 0.5000
vt 0.0000 0.5000
vt 0.1250 0.5000
vt 0.2500 0.5000
vt 0.3750 0.5000
vt 0.5000 0.5000
vt 0.6250 0.5000
vt 0.7500 0.5000
vt 0.8750 0.5000
vt 1.0000 0.5000
vt 0.0000 0.5000
vt 0.1250 0.5000
vt 0.2500 0.5000
vt 0.3750 0.5000
vt 0.5000 0.5000
vt 0.6250 0.5000
vt 0.7500 0.5000
vt 0.8750 0.5000
vt 1.0000 0.5000
vt 0.0000 0.5000
vt 0.1250 0.5000
vt 0.2500 0.5000
vt 0.3750 0.5000
vt 0.5000 0.5000
vt 0.6250 0.5000
vt 0.7500 0.5000
vt 0.8750 0.5000
vt 1.0000 0.5000
vt 0.0000 0.5000
vt 0.1250 0.5000
vt 0.2500 0.5000
vt 0.3750 0.5000
vt 0.5000 0.5000
vt 0.6250 0.5000
vt 0.7500 0.5000
vt 0.8750 0.5000
vt 1.0000 0.5000
vt 0.0000 0.5000
vt 0.1250 0.5000
vt 0.2500 0.5000
vt 0.3750 0.5000
vt 0.5000 0.5000
vt 0.6250 0.5000
vt 0.7500 0.5000
vt 0.8750 0.5000
vt 1.0000 0.5000
vt 0.0000 0.5000
vt 0.1250 0.5000
vt 0.2500 0.5000
vt 0.3750 0.5000
vt 0.5000 0.5000
vt 0.6250 0.5000
vt 0.7500 0.5000
vt 0.8750 0.5000
vt 1.0000 0.5000
vt 0.0000 0.5000
vt 0.1250 0.5000
vt 0.2500 0.5000
vt 0.3750 0.5000
vt 0.5000 0.5000
vt 0.6250 0.5000
vt 0.7500 0.5000
vt 0.8750 0.5000
vt 1.0000 0.5000
vt 0.0000 0.5000
vt 0.1250 0.5000
vt 0.2500 0.5000
vt 0.3750 0.5000
vt 0.5000 0.5000
vt 0.6250 0.5000
vt 0.7500 0.5000
vt 0.8750 0.5000
vt 1.0000 0.5000
vt 0.0000 0.5000
vt 0.1250 0.5000
vt 0.2500 0.5000
vt 0.3750 0.5000
vt 0.5000 0.5000
vt 0.6250 0.5000
vt 0.7500 0.5000
vt 0.8750 0.5000
vt 1.0000 0.5000
vt 0.0000 0.5000
vt 0.1250 0.5000
vt 0.2500 0.5000
vt 0.3750 0.5000
vt 0.5000 0.5000
vt 0.6250 0.5000
vt 0.7500 0.5000
vt 0.8750 0.5000
vt 1.0000 0.5000
vt 0.0000 0.5000
vt 0.1250 0.5000
vt 0.2500 0.5000
vt 0.3750 0.5000
vt 0.5000 0.5000
vt 0.6250 0.5000
vt 0.7500 0.5000
vt 0.8750 0.5000
vt 1.0000 0.5000
vt 0.0000 0.5000
vt 0.1250 0.5000
vt 0.2500 0.5000
vt 0.3750 0.5000
vt 0.5000 0.5000
vt 0.6250 0.5000
vt 0.7500 0.5000
vt 0.8750 0.5000
vt 1.0000 0.5000
vt 0.0000 0.5000
vt 0.1250 0.5000
vt 0.2500 0.5000
vt 0.3750 0.5000
vt 0.5000 0.5000
vt 0.6250 0.5000
vt 0.7500 0.5000
vt 0.8750 0.5000
vt 1.0000 0.5000
vt 0.0000 0.5000
vt 0.1250 0.5000
vt 0.2500 0.5000
vt 0.3750 0.5000
vt 0.5000 0.5000
vt 0.6250 0.5000
vt 0.7500 0.5000
vt 0.8750 0.5000
vt 1.0000 0.5000
vt 0.0000 1.0000
vt 0.1000 1.0000
vt 0.2000 1.0000
vt 0.3000 1.0000
vt 0.4000 1.0000
vt 0.5000 1.0000
vt 0.6000 1.0000
vt 0.7000 1.0000
vt 0.8000 1.0000
vt 0.9000 1.0000
vt 0.0000 0.0000
vt 0.1000 0.0000
vt 0.2000 0.0000
vt 0.3000 0.0000
vt 0.4000 0.0000
vt 0.5000 0.0000
vt 0.6000 0.0000
vt 0.7000 0.0000
vt 0.8000 0.0000
vt 0.9000 0.0000
vt 0.0000 1.0000
vt 0.0000 1.0000
vt 0.0000 1.0000
vt 0.1000 1.0000
vt 0.2000 1.0000
vt 0.3000 1.0000
vt 0.4000 1.0000
vt 0.5000 1.0000
vt 0.6000 1.0000
vt 0.7000 1.0000
vt 0.8000 1.0000
vt 0.9000 1.0000
vt 0.0000 0.0000
vt 0.1000 0.0000
vt 0.2000 0.0000
vt 0.3000 0.0000
vt 0.4000 0.0000
vt 0.5000 0.0000
vt 0.6000 0.0000
vt 0.7000 0.0000
vt 0.8000 0.0000
vt 0.9000 0.0000
vt 0.0000 1.0000
vt 0.0000 1.0000
vt 0.0000 0.5000
vt 0.1250 0.5000
vt 0.2500 0.5000
vt 0.3750 0.5000
vt 0.5000 0.5000
vt 0.6250 0.5000
vt 0.7500 0.5000
vt 0.8750 0.5000
vt 1.0000 0.5000
vt 0.0000 0.5000
vt 0.1250 0.5000
vt 0.2500 0.5000
vt 0.3750 0.5000
vt 0.5000 0.5000
vt 0.6250 0.5000
vt 0.7500 0.5000
vt 0.8750 0.5000
vt 1.0000 0.5000
vt 0.0000 0.5000
vt 0.1250 0.5000
vt 0.2500 0.5000
vt 0.3750 0.5000
vt 0.5000 0.5000
vt 0.6250 0.5000
vt 0.7500 0.5000
vt 0.8750 0.5000
vt 1.0000 0.5000
vt 0.0000 0.5000
vt 0.1250 0.5000
vt 0.2500 0.5000
vt 0.3750 0.5000
vt 0.5000 0.5000
vt 0.6250 0.5000
vt 0.7500 0.5000
vt 0.8750 0.5000
vt 1.0000 0.5000
vt 0.0000 0.5000
vt 0.1250 0.5000
vt 0.2500 0.5000
vt 0.3750 0.5000
vt 0.5000 0.5000
vt 0.6250 0.5000
vt 0.7500 0.5000
vt 0.8750 0.5000
vt 1.0000 0.5000
vt 0.0000 0.5000
vt 0.1250 0.5000
vt 0.2500 0.5000
vt 0.3750 0.5000
vt 0.5000 0.5000
vt 0.6250 0.5000
vt 0.7500 0.5000
vt 0.8750 0.5000
vt 1.0000 0.5000
vt 0.0000 0.5000
vt 0.1250 0.5000
vt 0.2500 0.5000
vt 0.3750 0.5000
vt 0.5000 0.5000
vt 0.6250 0.5000
vt 0.7500 0.5000
vt 0.8750 0.5000
vt 1.0000 0.5000
vt 0.0000 0.5000
vt 0.1250 0.5000
vt 0.2500 0.5000
vt 0.3750 0.5000
vt 0.5000 0.5000
vt 0.6250 0.5000
vt 0.7500 0.5000
vt 0.8750 0.5000
vt 1.0000 0.5000
vt 0.0000 0.5000
vt 0.1250 0.5000
vt 0.2500 0.5000
vt 0.3750 0.5000
vt 0.5000 0.5000
vt 0.6250 0.5000
vt 0.7500 0.5000
vt 0.8750 0.5000
vt 1.0000 0.5000
vt 0.0000 0.5000
vt 0.1250 0.5000
vt 0.2500 0.5000
vt 0.3750 0.5000
vt 0.5000 0.5000
vt 0.6250 0.5000
vt 0.7500 0.5000
vt 0.8750 0.5000
vt 1.0000 0.5000
vt 0.0000 0.5000
vt 0.1250 0.5000
vt 0.2500 0.5000
vt 0.3750 0.5000
vt 0.5000 0.5000
vt 0.6250 0.5000
vt 0.7500 0.5000
vt 0.8750 0.5000
vt 1.0000 0.5000
vt 0.0000 0.5000
vt 0.1250 0.5000
vt 0.2500 0.5000
vt 0.3750 0.5000
vt 0.5000 0.5000
vt 0.6250 0.5000
vt 0.7500 0.5000
vt 0.8750 0.5000
vt 1.0000 0.5000
vt 0.0000 0.5000
vt 0.1250 0.5000
vt 0.2500 0.5000
vt 0.3750 0.5000
vt 0.5000 0.5000
vt 0.6250 0.5000
vt 0.7500 0.5000
vt 0.8750 0.5000
vt 1.0000 0.5000
vt 0.0000 0.5000
vt 0.1250 0.5000
vt 0.2500 0.5000
vt 0.3750 0.5000
vt 0.5000 0.5000
vt 0.6250 0.5000
vt 0.7500 0.5000
vt 0.8750 0.5000
vt 1.0000 0.5000
vt 0.0000 0.5000
vt 0.1250 0.5000
vt 0.2500 0.5000
vt 0.3750 0.5000
vt 0.5000 0.5000
vt 0.6250 0.5000
vt 0.7500 0.5000
vt 0.8750 0.5000
vt 1.0000 0.5000
vt 0.0000 0.5000
vt 0.1250 0.5000
vt 0.2500 0.5000
vt 0.3750 0.5000
vt 0.5000 0.5000
vt 0.6250 0.5000
vt 0.7500 0.5000
vt 0.8750 0.5000
vt 1.0000 0.5000
vt 0.0000 0.5000
vt 0.1250 0.5000
vt 0.2500 0.5000
vt 0.3750 0.5000
vt 0.5000 0.5000
vt 0.6250 0.5000
vt 0.7500 0.5000
vt 0.8750 0.5000
vt 1.0000 0.5000
vt 0.0000 0.5000
vt 0.1250 0.5000
vt 0.2500 0.5000
vt 0.3750 0.5000
vt 0.5000 0.5000
vt 0.6250 0.5000
vt 0.7500 0.5000
vt 0.8750 0.5000
vt 1.0000 0.5000
vt 0.0000 0.5000
vt 0.1250 0.5000
vt 0.2500 0.5000
vt 0.3750 0.5000
vt 0.5000 0.5000
vt 0.6250 0.5000
vt 0.7500 0.5000
vt 0.8750 0.5000
vt 1.0000 0.5000
vt 0.0000 0.5000
vt 0.1250 0.5000
vt 0.2500 0.5000
vt 0.3750 0.5000
vt 0.5000 0.5000
vt 0.6250 0.5000
vt 0.7500 0.5000
vt 0.8750 0.5000
vt 1.0000 0.5000
vt 0.0000 0.5000
vt 0.1250 0.5000
vt 0.2500 0.5000
vt 0.3750 0.5000
vt 0.5000 0.5000
vt 0.6250 0.5000
vt 0.7500 0.5000
vt 0.8750 0.5000
vt 1.0000 0.5000
vt 0.0000 1.0000
vt 0.0714 1.0000
vt 0.1429 1.0000
vt 0.2143 1.0000
vt 0.2857 1.0000
vt 0.3571 1.0000
vt 0.4286 1.0000
vt 0.5000 1.0000
vt 0.5714 1.0000
vt 0.6429 1.0000
vt 0.7143 1.0000
vt 0.7857 1.0000
vt 0.8571 1.0000
vt 0.9286 1.0000
vt 0.0000 0.0000
vt 0.0714 0.0000
vt 0.1429 0.0000
vt 0.2143 0.0000
vt 0.2857 0.0000
vt 0.3571 0.0000
vt 0.4286 0.0000
vt 0.5000 0.0000
vt 0.5714 0.0000
vt 0.6429 0.0000
vt 0.7143 0.0000
vt 0.7857 0.0000
vt 0.8571 0.0000
vt 0.9286 0.0000
vt 0.0000 1.0000
vt 0.0000 1.0000
vt 0.0000 0.5000
vt 0.1250 0.5000
vt 0.2500 0.5000
vt 0.3750 0.5000
vt 0.5000 0.5000
vt 0.6250 0.5000
vt 0.7500 0.5000
vt 0.8750 0.5000
vt 1.0000 0.5000
vt 0.0000 0.5000
vt 0.1250 0.5000
vt 0.2500 0.5000
vt 0.3750 0.5000
vt 0.5000 0.5000
vt 0.6250 0.5000
vt 0.7500 0.5000
vt 0.8750 0.5000
vt 1.0000 0.5000
vt 0.0000 0.5000
vt 0.1250 0.5000
vt 0.2500 0.5000
vt 0.3750 0.5000
vt 0.5000 0.5000
vt 0.6250 0.5000
vt 0.7500 0.5000
vt 0.8750 0.5000
vt 1.0000 0.5000
vt 0.0000 0.5000
vt 0.1250 0.5000
vt 0.2500 0.5000
vt 0.3750 0.5000
vt 0.5000 0.5000
vt 0.6250 0.5000
vt 0.7500 0.5000
vt 0.8750 0.5000
vt 1.0000 0.5000
vt 0.0000 0.5000
vt 0.1250 0.5000
vt 0.2500 0.5000
vt 0.3750 0.5000
vt 0.5000 0.5000
vt 0.6250 0.5000
vt 0.7500 0.5000
vt 0.8750 0.5000
vt 1.0000 0.5000
vt 0.0000 0.5000
vt 0.1250 0.5000
vt 0.2500 0.5000
vt 0.3750 0.5000
vt 0.5000 0.5000
vt 0.6250 0.5000
vt 0.7500 0.5000
vt 0.8750 0.5000
vt 1.0000 0.5000
vt 0.0000 0.5000
vt 0.1250 0.5000
vt 0.2500 0.5000
vt 0.3750 0.5000
vt 0.5000 0.5000
vt 0.6250 0.5000
vt 0.7500 0.5000
vt 0.8750 0.5000
vt 1.0000 0.5000
vt 0.0000 0.5000
vt 0.0833 0.5000
vt 0.1667 0.5000
vt 0.2500 0.5000
vt 0.3333 0.5000
vt 0.4167 0.5000
vt 0.5000 0.5000
vt 0.5833 0.5000
vt 0.6667 0.5000
vt 0.7500 0.5000
vt 0.8333 0.5000
vt 0.9167 0.5000
vt 1.0000 0.5000
vt 0.0000 0.5000
vt 0.0833 0.5000
vt 0.1667 0.5000
vt 0.2500 0.5000
vt 0.3333 0.5000
vt 0.4167 0.5000
vt 0.5000 0.5000
vt 0.5833 0.5000
vt 0.6667 0.5000
vt 0.7500 0.5000
vt 0.8333 0.5000
vt 0.9167 0.5000
vt 1.0000 0.5000
vt 0.0000 0.5000
vt 0.0833 0.5000
vt 0.1667 0.5000
vt 0.2500 0.5000
vt 0.3333 0.5000
vt 0.4167 0.5000
vt 0.5000 0.5000
vt 0.5833 0.5000
vt 0.6667 0.5000
vt 0.7500 0.5000
vt 0.8333 0.5000
vt 0.9167 0.5000
vt 1.0000 0.5000
vt 0.0000 0.5000
vt 0.0833 0.5000
vt 0.1667 0.5000
vt 0.2500 0.5000
vt 0.3333 0.5000
vt 0.4167 0.5000
vt 0.5000 0.5000
vt 0.5833 0.5000
vt 0.6667 0.5000
vt 0.7500 0.5000
vt 0.8333 0.5000
vt 0.9167 0.5000
vt 1.0000 0.5000
vt 0.0000 0.5000
vt 0.0833 0.5000
vt 0.1667 0.5000
vt 0.2500 0.5000
vt 0.3333 0.5000
vt 0.4167 0.5000
vt 0.5000 0.5000
vt 0.5833 0.5000
vt 0.6667 0.5000
vt 0.7500 0.5000
vt 0.8333 0.5000
vt 0.9167 0.5000
vt 1.0000 0.5000
vt 0.0000 0.5000
vt 0.0833 0.5000
vt 0.1667 0.5000
vt 0.2500 0.5000
vt 0.3333 0.5000
vt 0.4167 0.5000
vt 0.5000 0.5000
vt 0.5833 0.5000
vt 0.6667 0.5000
vt 0.7500 0.5000
vt 0.8333 0.5000
vt 0.9167 0.5000
vt 1.0000 0.5000
vt 0.0000 0.5000
vt 0.0833 0.5000
vt 0.1667 0.5000
vt 0.2500 0.5000
vt 0.3333 0.5000
vt 0.4167 0.5000
vt 0.5000 0.5000
vt 0.5833 0.5000
vt 0.6667 0.5000
vt 0.7500 0.5000
vt 0.8333 0.5000
vt 0.9167 0.5000
vt 1.0000 0.5000
vt 0.0000 0.5000
vt 0.0833 0.5000
vt 0.1667 0.5000
vt 0.2500 0.5000
vt 0.3333 0.5000
vt 0.4167 0.5000
vt 0.5000 0.5000
vt 0.5833 0.5000
vt 0.6667 0.5000
vt 0.7500 0.5000
vt 0.8333 0.5000
vt 0.9167 0.5000
vt 1.0000 0.5000
vt 0.0000 0.5000
vt 0.0833 0.5000
vt 0.1667 0.5000
vt 0.2500 0.5000
vt 0.3333 0.5000
vt 0.4167 0.5000
vt 0.5000 0.5000
vt 0.5833 0.5000
vt 0.6667 0.5000
vt 0.7500 0.5000
vt 0.8333 0.5000
vt 0.9167 0.5000
vt 1.0000 0.5000
vt 0.0000 1.0000
vt 0.1000 1.0000
vt 0.2000 1.0000
vt 0.3000 1.0000
vt 0.4000 1.0000
vt 0.5000 1.0000
vt 0.6000 1.0000
vt 0.7000 1.0000
vt 0.8000 1.0000
vt 0.9000 1.0000
vt 0.0000 0.0000
vt 0.1000 0.0000
vt 0.2000 0.0000
vt 0.3000 0.0000
vt 0.4000 0.0000
vt 0.5000 0.0000
vt 0.6000 0.0000
vt 0.7000 0.0000
vt 0.8000 0.0000
vt 0.9000 0.0000
vt 0.0000 1.0000
vt 0.0000 1.0000
vt 0.0000 1.0000
vt 0.1000 1.0000
vt 0.2000 1.0000
vt 0.3000 1.0000
vt 0.4000 1.0000
vt 0.5000 1.0000
vt 0.6000 1.0000
vt 0.7000 1.0000
vt 0.8000 1.0000
vt 0.9000 1.0000
vt 0.0000 0.0000
vt 0.1000 0.0000
vt 0.2000 0.0000
vt 0.3000 0.0000
vt 0.4000 0.0000
vt 0.5000 0.0000
vt 0.6000 0.0000
vt 0.7000 0.0000
vt 0.8000 0.0000
vt 0.9000 0.0000
vt 0.0000 1.0000
vt 0.0000 1.0000
vt 0.0000 0.5000
vt 0.1250 0.5000
vt 0.2500 0.5000
vt 0.3750 0.5000
vt 0.5000 0.5000
vt 0.6250 0.5000
vt 0.7500 0.5000
vt 0.8750 0.5000
vt 1.0000 0.5000
vt 0.0000 0.5000
vt 0.1250 0.5000
vt 0.2500 0.5000
vt 0.3750 0.5000
vt 0.5000 0.5000
vt 0.6250 0.5000
vt 0.7500 0.5000
vt 0.8750 0.5000
vt 1.0000 0.5000
vt 0.0000 0.5000
vt 0.1250 0.5000
vt 0.2500 0.5000
vt 0.3750 0.5000
vt 0.5000 0.5000
vt 0.6250 0.5000
vt 0.7500 0.5000
vt 0.8750 0.5000
vt 1.0000 0.5000
vt 0.0000 0.5000
vt 0.1250 0.5000
vt 0.2500 0.5000
vt 0.3750 0.5000
vt 0.5000 0.5000
vt 0.6250 0.5000
vt 0.7500 0.5000
vt 0.8750 0.5000
vt 1.0000 0.5000
vt 0.0000 0.5000
vt 0.1250 0.5000
vt 0.2500 0.5000
vt 0.3750 0.5000
vt 0.5000 0.5000
vt 0.6250 0.5000
vt 0.7500 0.5000
vt 0.8750 0.5000
vt 1.0000 0.5000
vt 0.0000 0.5000
vt 0.1250 0.5000
vt 0.2500 0.5000
vt 0.3750 0.5000
vt 0.5000 0.5000
vt 0.6250 0.5000
vt 0.7500 0.5000
vt 0.8750 0.5000
vt 1.0000 0.5000
vt 0.0000 0.5000
vt 0.1250 0.5000
vt 0.2500 0.5000
vt 0.3750 0.5000
vt 0.5000 0.5000
vt 0.6250 0.5000
vt 0.7500 0.5000
vt 0.8750 0.5000
vt 1.0000 0.5000
vt 0.0000 0.5000
vt 0.1000 0.5000
vt 0.2000 0.5000
vt 0.3000 0.5000
vt 0.4000 0.5000
vt 0.5000 0.5000
vt 0.6000 0.5000
vt 0.7000 0.5000
vt 0.8000 0.5000
vt 0.9000 0.5000
vt 1.0000 0.5000
vt 0.0000 0.5000
vt 0.1000 0.5000
vt 0.2000 0.5000
vt 0.3000 0.5000
vt 0.4000 0.5000
vt 0.5000 0.5000
vt 0.6000 0.5000
vt 0.7000 0.5000
vt 0.8000 0.5000
vt 0.9000 0.5000
vt 1.0000 0.5000
vt 0.0000 0.5000
vt 0.1000 0.5000
vt 0.2000 0.5000
vt 0.3000 0.5000
vt 0.4000 0.5000
vt 0.5000 0.5000
vt 0.6000 0.5000
vt 0.7000 0.5000
vt 0.8000 0.5000
vt 0.9000 0.5000
vt 1.0000 0.5000
vt 0.0000 0.5000
vt 0.1000 0.5000
vt 0.2000 0.5000
vt 0.3000 0.5000
vt 0.4000 0.5000
vt 0.5000 0.5000
vt 0.6000 0.5000
vt 0.7000 0.5000
vt 0.8000 0.5000
vt 0.9000 0.5000
vt 1.0000 0.5000
vt 0.0000 0.5000
vt 0.1000 0.5000
vt 0.2000 0.5000
vt 0.3000 0.5000
vt 0.4000 0.5000
vt 0.5000 0.5000
vt 0.6000 0.5000
vt 0.7000 0.5000
vt 0.8000 0.5000
vt 0.9000 0.5000
vt 1.0000 0.5000
vt 0.0000 0.5000
vt 0.1000 0.5000
vt 0.2000 0.5000
vt 0.3000 0.5000
vt 0.4000 0.5000
vt 0.5000 0.5000
vt 0.6000 0.5000
vt 0.7000 0.5000
vt 0.8000 0.5000
vt 0.9000 0.5000
vt 1.0000 0.5000
vt 0.0000 0.5000
vt 0.1000 0.5000
vt 0.2000 0.5000
vt 0.3000 0.5000
vt 0.4000 0.5000
vt 0.5000 0.5000
vt 0.6000 0.5000
vt 0.7000 0.5000
vt 0.8000 0.5000
vt 0.9000 0.5000
vt 1.0000 0.5000
vt 0.0000 1.0000
vt 0.1000 1.0000
vt 0.2000 1.0000
vt 0.3000 1.0000
vt 0.4000 1.0000
vt 0.5000 1.0000
vt 0.6000 1.0000
vt 0.7000 1.0000
vt 0.8000 1.0000
vt 0.9000 1.0000
vt 0.0000 0.0000
vt 0.1000 0.0000
vt 0.2000 0.0000
vt 0.3000 0.0000
vt 0.4000 0.0000
vt 0.5000 0.0000
vt 0.6000 0.0000
vt 0.7000 0.0000
vt 0.8000 0.0000
vt 0.9000 0.0000
vt 0.0000 1.0000
vt 0.0000 1.0000
vt 0.0000 1.0000
vt 0.1000 1.0000
vt 0.2000 1.0000
vt 0.3000 1.0000
vt 0.4000 1.0000
vt 0.5000 1.0000
vt 0.6000 1.0000
vt 0.7000 1.0000
vt 0.8000 1.0000
vt 0.9000 1.0000
vt 0.0000 0.0000
vt 0.1000 0.0000
vt 0.2000 0.0000
vt 0.3000 0.0000
vt 0.4000 0.0000
vt 0.5000 0.0000
vt 0.6000 0.0000
vt 0.7000 0.0000
vt 0.8000 0.0000
vt 0.9000 0.0000
vt 0.0000 1.0000
vt 0.0000 1.0000
vt 0.0000 0.5000
vt 0.1250 0.5000
vt 0.2500 0.5000
vt 0.3750 0.5000
vt 0.5000 0.5000
vt 0.6250 0.5000
vt 0.7500 0.5000
vt 0.8750 0.5000
vt 1.0000 0.5000
vt 0.0000 0.5000
vt 0.1250 0.5000
vt 0.2500 0.5000
vt 0.3750 0.5000
vt 0.5000 0.5000
vt 0.6250 0.5000
vt 0.7500 0.5000
vt 0.8750 0.5000
vt 1.0000 0.5000
vt 0.0000 0.5000
vt 0.1250 0.5000
vt 0.2500 0.5000
vt 0.3750 0.5000
vt 0.5000 0.5000
vt 0.6250 0.5000
vt 0.7500 0.5000
vt 0.8750 0.5000
vt 1.0000 0.5000
vt 0.0000 0.5000
vt 0.1250 0.5000
vt 0.2500 0.5000
vt 0.3750 0.5000
vt 0.5000 0.5000
vt 0.6250 0.5000
vt 0.7500 0.5000
vt 0.8750 0.5000
vt 1.0000 0.5000
vt 0.0000 0.5000
vt 0.1250 0.5000
vt 0.2500 0.5000
vt 0.3750 0.5000
vt 0.5000 0.5000
vt 0.6250 0.5000
vt 0.7500 0.5000
vt 0.8750 0.5000
vt 1.0000 0.5000
vt 0.0000 0.5000
vt 0.1250 0.5000
vt 0.2500 0.5000
vt 0.3750 0.5000
vt 0.5000 0.5000
vt 0.6250 0.5000
vt 0.7500 0.5000
vt 0.8750 0.5000
vt 1.0000 0.5000
vt 0.0000 0.5000
vt 0.1250 0.5000
vt 0.2500 0.5000
vt 0.3750 0.5000
vt 0.5000 0.5000
vt 0.6250 0.5000
vt 0.7500 0.5000
vt 0.8750 0.5000
vt 1.0000 0.5000
vt 0.0000 0.5000
vt 0.1000 0.5000
vt 0.2000 0.5000
vt 0.3000 0.5000
vt 0.4000 0.5000
vt 0.5000 0.5000
vt 0.6000 0.5000
vt 0.7000 0.5000
vt 0.8000 0.5000
vt 0.9000 0.5000
vt 1.0000 0.5000
vt 0.0000 0.5000
vt 0.1000 0.5000
vt 0.2000 0.5000
vt 0.3000 0.5000
vt 0.4000 0.5000
vt 0.5000 0.5000
vt 0.6000 0.5000
vt 0.7000 0.5000
vt 0.8000 0.5000
vt 0.9000 0.5000
vt 1.0000 0.5000
vt 0.0000 0.5000
vt 0.1000 0.5000
vt 0.2000 0.5000
vt 0.3000 0.5000
vt 0.4000 0.5000
vt 0.5000 0.5000
vt 0.6000 0.5000
vt 0.7000 0.5000
vt 0.8000 0.5000
vt 0.9000 0.5000
vt 1.0000 0.5000
vt 0.0000 0.5000
vt 0.1000 0.5000
vt 0.2000 0.5000
vt 0.3000 0.5000
vt 0.4000 0.5000
vt 0.5000 0.5000
vt 0.6000 0.5000
vt 0.7000 0.5000
vt 0.8000 0.5000
vt 0.9000 0.5000
vt 1.0000 0.5000
vt 0.0000 0.5000
vt 0.1000 0.5000
vt 0.2000 0.5000
vt 0.3000 0.5000
vt 0.4000 0.5000
vt 0.5000 0.5000
vt 0.6000 0.5000
vt 0.7000 0.5000
vt 0.8000 0.5000
vt 0.9000 0.5000
vt 1.0000 0.5000
vt 0.0000 0.5000
vt 0.1000 0.5000
vt 0.2000 0.5000
vt 0.3000 0.5000
vt 0.4000 0.5000
vt 0.5000 0.5000
vt 0.6000 0.5000
vt 0.7000 0.5000
vt 0.8000 0.5000
vt 0.9000 0.5000
vt 1.0000 0.5000
vt 0.0000 0.5000
vt 0.1000 0.5000
vt 0.2000 0.5000
vt 0.3000 0.5000
vt 0.4000 0.5000
vt 0.5000 0.5000
vt 0.6000 0.5000
vt 0.7000 0.5000
vt 0.8000 0.5000
vt 0.9000 0.5000
vt 1.0000 0.5000
usemtl wood
f 1/1 2/2 43/43
f 1/1 43/43 42/42
f 2/2 3/3 44/44
f 2/2 44/44 43/43
f 3/3 4/4 45/45
f 3/3 45/45 44/44
f 4/4 5/5 46/46
f 4/4 46/46 45/45
f 5/5 6/6 47/47
f 5/5 47/47 46/46
f 6/6 7/7 48/48
f 6/6 48/48 47/47
f 7/7 8/8 49/49
f 7/7 49/49 48/48
f 8/8 9/9 50/50
f 8/8 50/50 49/49
f 9/9 10/10 51/51
f 9/9 51/51 50/50
f 10/10 11/11 52/52
f 10/10 52/52 51/51
f 11/11 12/12 53/53
f 11/11 53/53 52/52
f 12/12 13/13 54/54
f 12/12 54/54 53/53
f 13/13 14/14 55/55
f 13/13 55/55 54/54
f 14/14 15/15 56/56
f 14/14 56/56 55/55
f 15/15 16/16 57/57
f 15/15 57/57 56/56
f 16/16 17/17 58/58
f 16/16 58/58 57/57
f 17/17 18/18 59/59
f 17/17 59/59 58/58
f 18/18 19/19 60/60
f 18/18 60/60 59/59
f 19/19 20/20 61/61
f 19/19 61/61 60/60
f 20/20 21/21 62/62
f 20/20 62/62 61/61
f 21/21 22/22 63/63
f 21/21 63/63 62/62
f 22/22 23/23 64/64
f 22/22 64/64 63/63
f 23/23 24/24 65/65
f 23/23 65/65 64/64
f 24/24 25/25 66/66
f 24/24 66/66 65/65
f 25/25 26/26 67/67
f 25/25 67/67 66/66
f 26/26 27/27 68/68
f 26/26 68/68 67/67
f 27/27 28/28 69/69
f 27/27 69/69 68/68
f 28/28 29/29 70/70
f 28/28 70/70 69/69
f 29/29 30/30 71/71
f 29/29 71/71 70/70
f 30/30 31/31 72/72
f 30/30 72/72 71/71
f 31/31 32/32 73/73
f 31/31 73/73 72/72
f 32/32 33/33 74/74
f 32/32 74/74 73/73
f 33/33 34/34 75/75
f 33/33 75/75 74/74
f 34/34 35/35 76/76
f 34/34 76/76 75/75
f 35/35 36/36 77/77
f 35/35 77/77 76/76
f 36/36 37/37 78/78
f 36/36 78/78 77/77
f 37/37 38/38 79/79
f 37/37 79/79 78/78
f 38/38 39/39 80/80
f 38/38 80/80 79/79
f 39/39 40/40 81/81
f 39/39 81/81 80/80
f 40/40 41/41 82/82
f 40/40 82/82 81/81
f 42/42 43/43 84/84
f 42/42 84/84 83/83
f 43/43 44/44 85/85
f 43/43 85/85 84/84
f 44/44 45/45 86/86
f 44/44 86/86 85/85
f 45/45 46/46 87/87
f 45/45 87/87 86/86
f 46/46 47/47 88/88
f 46/46 88/88 87/87
f 47/47 48/48 89/89
f 47/47 89/89 88/88
f 48/48 49/49 90/90
f 48/48 90/90 89/89
f 49/49 50/50 91/91
f 49/49 91/91 90/90
f 50/50 51/51 92/92
f 50/50 92/92 91/91
f 51/51 52/52 93/93
f 51/51 93/93 92/92
f 52/52 53/53 94/94
f 52/52 94/94 93/93
f 53/53 54/54 95/95
f 53/53 95/95 94/94
f 54/54 55/55 96/96
f 54/54 96/96 95/95
f 55/55 56/56 97/97
f 55/55 97/97 96/96
f 56/56 57/57 98/98
f 56/56 98/98 97/97
f 57/57 58/58 99/99
f 57/57 99/99 98/98
f 58/58 59/59 100/100
f 58/58 100/100 99/99
f 59/59 60/60 101/101
f 59/59 101/101 100/100
f 60/60 61/61 102/102
f 60/60 102/102 101/101
f 61/61 62/62 103/103
f 61/61 103/103 102/102
f 62/62 63/63 104/104
f 62/62 104/104 103/103
f 63/63 64/64 105/105
f 63/63 105/105 104/104
f 64/64 65/65 106/106
f 64/64 106/106 105/105
f 65/65 66/66 107/107
f 65/65 107/107 106/106
f 66/66 67/67 108/108
f 66/66 108/108 107/107
f 67/67 68/68 109/109
f 67/67 109/109 108/108
f 68/68 69/69 110/110
f 68/68 110/110 109/109
f 69/69 70/70 111/111
f 69/69 111/111 110/110
f 70/70 71/71 112/112
f 70/70 112/112 111/111
f 71/71 72/72 113/113
f 71/71 113/113 112/112
f 72/72 73/73 114/114
f 72/72 114/114 113/113
f 73/73 74/74 115/115
f 73/73 115/115 114/114
f 74/74 75/75 116/116
f 74/74 116/116 115/115
f 75/75 76/76 117/117
f 75/75 117/117 116/116
f 76/76 77/77 118/118
f 76/76 118/118 117/117
f 77/77 78/78 119/119
f 77/77 119/119 118/118
f 78/78 79/79 120/120
f 78/78 120/120 119/119
f 79/79 80/80 121/121
f 79/79 121/121 120/120
f 80/80 81/81 122/122
f 80/80 122/122 121/121
f 81/81 82/82 123/123
f 81/81 123/123 122/122
f 83/83 84/84 125/125
f 83/83 125/125 124/124
f 84/84 85/85 126/126
f 84/84 126/126 125/125
f 85/85 86/86 127/127
f 85/85 127/127 126/126
f 86/86 87/87 128/128
f 86/86 128/128 127/127
f 87/87 88/88 129/129
f 87/87 129/129 128/128
f 88/88 89/89 130/130
f 88/88 130/130 129/129
f 89/89 90/90 131/131
f 89/89 131/131 130/130
f 90/90 91/91 132/132
f 90/90 132/132 131/131
f 91/91 92/92 133/133
f 91/91 133/133 132/132
f 92/92 93/93 134/134
f 92/92 134/134 133/133
f 93/93 94/94 135/135
f 93/93 135/135 134/134
f 94/94 95/95 136/136
f 94/94 136/136 135/135
f 95/95 96/96 137/137
f 95/95 137/137 136/136
f 96/96 97/97 138/138
f 96/96 138/138 137/137
f 97/97 98/98 139/139
f 97/97 139/139 138/138
f 98/98 99/99 140/140
f 98/98 140/140 139/139
f 99/99 100/100 141/141
f 99/99 141/141 140/140
f 100/100 101/101 142/142
f 100/100 142/142 141/141
f 101/101 102/102 143/143
f 101/101 143/143 142/142
f 102/102 103/103 144/144
f 102/102 144/144 143/143
f 103/103 104/104 145/145
f 103/103 145/145 144/144
f 104/104 105/105 146/146
f 104/104 146/146 145/145
f 105/105 106/106 147/147
f 105/105 147/147 146/146
f 106/106 107/107 148/148
f 106/106 148/148 147/147
f 107/107 108/108 149/149
f 107/107 149/149 148/148
f 108/108 109/109 150/150
f 108/108 150/150 149/149
f 109/109 110/110 151/151
f 109/109 151/151 150/150
f 110/110 111/111 152/152
f 110/110 152/152 151/151
f 111/111 112/112 153/153
f 111/111 153/153 152/152
f 112/112 113/113 154/154
f 112/112 154/154 153/153
f 113/113 114/114 155/155
f 113/113 155/155 154/154
f 114/114 115/115 156/156
f 114/114 156/156 155/155
f 115/115 116/116 157/157
f 115/115 157/157 156/156
f 116/116 117/117 158/158
f 116/116 158/158 157/157
f 117/117 118/118 159/159
f 117/117 159/159 158/158
f 118/118 119/119 160/160
f 118/118 160/160 159/159
f 119/119 120/120 161/161
f 119/119 161/161 160/160
f 120/120 121/121 162/162
f 120/120 162/162 161/161
f 121/121 122/122 163/163
f 121/121 163/163 162/162
f 122/122 123/123 164/164
f 122/122 164/164 163/163
f 124/124 125/125 166/166
f 124/124 166/166 165/165
f 125/125 126/126 167/167
f 125/125 167/167 166/166
f 126/126 127/127 168/168
f 126/126 168/168 167/167
f 127/127 128/128 169/169
f 127/127 169/169 168/168
f 128/128 129/129 170/170
f 128/128 170/170 169/169
f 129/129 130/130 171/171
f 129/129 171/171 170/170
f 130/130 131/131 172/172
f 130/130 172/172 171/171
f 131/131 132/132 173/173
f 131/131 173/173 172/172
f 132/132 133/133 174/174
f 132/132 174/174 173/173
f 133/133 134/134 175/175
f 133/133 175/175 174/174
f 134/134 135/135 176/176
f 134/134 176/176 175/175
f 135/135 136/136 177/177
f 135/135 177/177 176/176
f 136/136 137/137 178/178
f 136/136 178/178 177/177
f 137/137 138/138 179/179
f 137/137 179/179 178/178
f 138/138 139/139 180/180
f 138/138 180/180 179/179
f 139/139 140/140 181/181
f 139/139 181/181 180/180
f 140/140 141/141 182/182
f 140/140 182/182 181/181
f 141/141 142/142 183/183
f 141/141 183/183 182/182
f 142/142 143/143 184/184
f 142/142 184/184 183/183
f 143/143 144/144 185/185
f 143/143 185/185 184/184
f 144/144 145/145 186/186
f 144/144 186/186 185/185
f 145/145 146/146 187/187
f 145/145 187/187 186/186
f 146/146 147/147 188/188
f 146/146 188/188 187/187
f 147/147 148/148 189/189
f 147/147 189/189 188/188
f 148/148 149/149 190/190
f 148/148 190/190 189/189
f 149/149 150/150 191/191
f 149/149 191/191 190/190
f 150/150 151/151 192/192
f 150/150 192/192 191/191
f 151/151 152/152 193/193
f 151/151 193/193 192/192
f 152/152 153/153 194/194
f 152/152 194/194 193/193
f 153/153 154/154 195/195
f 153/153 195/195 194/194
f 154/154 155/155 196/196
f 154/154 196/196 195/195
f 155/155 156/156 197/197
f 155/155 197/197 196/196
f 156/156 157/157 198/198
f 156/156 198/198 197/197
f 157/157 158/158 199/199
f 157/157 199/199 198/198
f 158/158 159/159 200/200
f 158/158 200/200 199/199
f 159/159 160/160 201/201
f 159/159 201/201 200/200
f 160/160 161/161 202/202
f 160/160 202/202 201/201
f 161/161 162/162 203/203
f 161/161 203/203 202/202
f 162/162 163/163 204/204
f 162/162 204/204 203/203
f 163/163 164/164 205/205
f 163/163 205/205 204/204
f 165/165 166/166 207/207
f 165/165 207/207 206/206
f 166/166 167/167 208/208
f 166/166 208/208 207/207
f 167/167 168/168 209/209
f 167/167 209/209 208/208
f 168/168 169/169 210/210
f 168/168 210/210 209/209
f 169/169 170/170 211/211
f 169/169 211/211 210/210
f 170/170 171/171 212/212
f 170/170 212/212 211/211
f 171/171 172/172 213/213
f 171/171 213/213 212/212
f 172/172 173/173 214/214
f 172/172 214/214 213/213
f 173/173 174/174 215/215
f 173/173 215/215 214/214
f 174/174 175/175 216/216
f 174/174 216/216 215/215
f 175/175 176/176 217/217
f 175/175 217/217 216/216
f 176/176 177/177 218/218
f 176/176 218/218 217/217
f 177/177 178/178 219/219
f 177/177 219/219 218/218
f 178/178 179/179 220/220
f 178/178 220/220 219/219
f 179/179 180/180 221/221
f 179/179 221/221 220/220
f 180/180 181/181 222/222
f 180/180 222/222 221/221
f 181/181 182/182 223/223
f 181/181 223/223 222/222
f 182/182 183/183 224/224
f 182/182 224/224 223/223
f 183/183 184/184 225/225
f 183/183 225/225 224/224
f 184/184 185/185 226/226
f 184/184 226/226 225/225
f 185/185 186/186 227/227
f 185/185 227/227 226/226
f 186/186 187/187 228/228
f 186/186 228/228 227/227
f 187/187 188/188 229/229
f 187/187 229/229 228/228
f 188/188 189/189 230/230
f 188/188 230/230 229/229
f 189/189 190/190 231/231
f 189/189 231/231 230/230
f 190/190 191/191 232/232
f 190/190 232/232 231/231
f 191/191 192/192 233/233
f 191/191 233/233 232/232
f 192/192 193/193 234/234
f 192/192 234/234 233/233
f 193/193 194/194 235/235
f 193/193 235/235 234/234
f 194/194 195/195 236/236
f 194/194 236/236 235/235
f 195/195 196/196 237/237
f 195/195 237/237 236/236
f 196/196 197/197 238/238
f 196/196 238/238 237/237
f 197/197 198/198 239/239
f 197/197 239/239 238/238
f 198/198 199/199 240/240
f 198/198 240/240 239/239
f 199/199 200/200 241/241
f 199/199 241/241 240/240
f 200/200 201/201 242/242
f 200/200 242/242 241/241
f 201/201 202/202 243/243
f 201/201 243/243 242/242
f 202/202 203/203 244/244
f 202/202 244/244 243/243
f 203/203 204/204 245/245
f 203/203 245/245 244/244
f 204/204 205/205 246/246
f 204/204 246/246 245/245
f 206/206 207/207 248/248
f 206/206 248/248 247/247
f 207/207 208/208 249/249
f 207/207 249/249 248/248
f 208/208 209/209 250/250
f 208/208 250/250 249/249
f 209/209 210/210 251/251
f 209/209 251/251 250/250
f 210/210 211/211 252/252
f 210/210 252/252 251/251
f 211/211 212/212 253/253
f 211/211 253/253 252/252
f 212/212 213/213 254/254
f 212/212 254/254 253/253
f 213/213 214/214 255/255
f 213/213 255/255 254/254
f 214/214 215/215 256/256
f 214/214 256/256 255/255
f 215/215 216/216 257/257
f 215/215 257/257 256/256
f 216/216 217/217 258/258
f 216/216 258/258 257/257
f 217/217 218/218 259/259
f 217/217 259/259 258/258
f 218/218 219/219 260/260
f 218/218 260/260 259/259
f 219/219 220/220 261/261
f 219/219 261/261 260/260
f 220/220 221/221 262/262
f 220/220 262/262 261/261
f 221/221 222/222 263/263
f 221/221 263/263 262/262
f 222/222 223/223 264/264
f 222/222 264/264 263/263
f 223/223 224/224 265/265
f 223/223 265/265 264/264
f 224/224 225/225 266/266
f 224/224 266/266 265/265
f 225/225 226/226 267/267
f 225/225 267/267 266/266
f 226/226 227/227 268/268
f 226/226 268/268 267/267
f 227/227 228/228 269/269
f 227/227 269/269 268/268
f 228/228 229/229 270/270
f 228/228 270/270 269/269
f 229/229 230/230 271/271
f 229/229 271/271 270/270
f 230/230 231/231 272/272
f 230/230 272/272 271/271
f 231/231 232/232 273/273
f 231/231 273/273 272/272
f 232/232 233/233 274/274
f 232/232 274/274 273/273
f 233/233 234/234 275/275
f 233/233 275/275 274/274
f 234/234 235/235 276/276
f 234/234 276/276 275/275
f 235/235 236/236 277/277
f 235/235 277/277 276/276
f 236/236 237/237 278/278
f 236/236 278/278 277/277
f 237/237 238/238 279/279
f 237/237 279/279 278/278
f 238/238 239/239 280/280
f 238/238 280/280 279/279
f 239/239 240/240 281/281
f 239/239 281/281 280/280
f 240/240 241/241 282/282
f 240/240 282/282 281/281
f 241/241 242/242 283/283
f 241/241 283/283 282/282
f 242/242 243/243 284/284
f 242/242 284/284 283/283
f 243/243 244/244 285/285
f 243/243 285/285 284/284
f 244/244 245/245 286/286
f 244/244 286/286 285/285
f 245/245 246/246 287/287
f 245/245 287/287 286/286
f 247/247 248/248 289/289
f 247/247 289/289 288/288
f 248/248 249/249 290/290
f 248/248 290/290 289/289
f 249/249 250/250 291/291
f 249/249 291/291 290/290
f 250/250 251/251 292/292
f 250/250 292/292 291/291
f 251/251 252/252 293/293
f 251/251 293/293 292/292
f 252/252 253/253 294/294
f 252/252 294/294 293/293
f 253/253 254/254 295/295
f 253/253 295/295 294/294
f 254/254 255/255 296/296
f 254/254 296/296 295/295
f 255/255 256/256 297/297
f 255/255 297/297 296/296
f 256/256 257/257 298/298
f 256/256 298/298 297/297
f 257/257 258/258 299/299
f 257/257 299/299 298/298
f 258/258 259/259 300/300
f 258/258 300/300 299/299
f 259/259 260/260 301/301
f 259/259 301/301 300/300
f 260/260 261/261 302/302
f 260/260 302/302 301/301
f 261/261 262/262 303/303
f 261/261 303/303 302/302
f 262/262 263/263 304/304
f 262/262 304/304 303/303
f 263/263 264/264 305/305
f 263/263 305/305 304/304
f 264/264 265/265 306/306
f 264/264 306/306 305/305
f 265/265 266/266 307/307
f 265/265 307/307 306/306
f 266/266 267/267 308/308
f 266/266 308/308 307/307
f 267/267 268/268 309/309
f 267/267 309/309 308/308
f 268/268 269/269 310/310
f 268/268 310/310 309/309
f 269/269 270/270 311/311
f 269/269 311/311 310/310
f 270/270 271/271 312/312
f 270/270 312/312 311/311
f 271/271 272/272 313/313
f 271/271 313/313 312/312
f 272/272 273/273 314/314
f 272/272 314/314 313/313
f 273/273 274/274 315/315
f 273/273 315/315 314/314
f 274/274 275/275 316/316
f 274/274 316/316 315/315
f 275/275 276/276 317/317
f 275/275 317/317 316/316
f 276/276 277/277 318/318
f 276/276 318/318 317/317
f 277/277 278/278 319/319
f 277/277 319/319 318/318
f 278/278 279/279 320/320
f 278/278 320/320 319/319
f 279/279 280/280 321/321
f 279/279 321/321 320/320
f 280/280 281/281 322/322
f 280/280 322/322 321/321
f 281/281 282/282 323/323
f 281/281 323/323 322/322
f 282/282 283/283 324/324
f 282/282 324/324 323/323
f 283/283 284/284 325/325
f 283/283 325/325 324/324
f 284/284 285/285 326/326
f 284/284 326/326 325/325
f 285/285 286/286 327/327
f 285/285 327/327 326/326
f 286/286 287/287 328/328
f 286/286 328/328 327/327
f 288/288 289/289 330/330
f 289/289 290/290 331/331
f 290/290 291/291 332/332
f 291/291 292/292 333/333
f 292/292 293/293 334/334
f 293/293 294/294 335/335
f 294/294 295/295 336/336
f 295/295 296/296 337/337
f 296/296 297/297 338/338
f 297/297 298/298 339/339
f 298/298 299/299 340/340
f 299/299 300/300 341/341
f 300/300 301/301 342/342
f 301/301 302/302 343/343
f 302/302 303/303 344/344
f 303/303 304/304 345/345
f 304/304 305/305 346/346
f 305/305 306/306 347/347
f 306/306 307/307 348/348
f 307/307 308/308 349/349
f 308/308 309/309 350/350
f 309/309 310/310 351/351
f 310/310 311/311 352/352
f 311/311 312/312 353/353
f 312/312 313/313 354/354
f 313/313 314/314 355/355
f 314/314 315/315 356/356
f 315/315 316/316 357/357
f 316/316 317/317 358/358
f 317/317 318/318 359/359
f 318/318 319/319 360/360
f 319/319 320/320 361/361
f 320/320 321/321 362/362
f 321/321 322/322 363/363
f 322/322 323/323 364/364
f 323/323 324/324 365/365
f 324/324 325/325 366/366
f 325/325 326/326 367/367
f 326/326 327/327 368/368
f 327/327 328/328 369/369
f 370/370 2/2 1/1
f 370/370 3/3 2/2
f 370/370 4/4 3/3
f 370/370 5/5 4/4
f 370/370 6/6 5/5
f 370/370 7/7 6/6
f 370/370 8/8 7/7
f 370/370 9/9 8/8
f 370/370 10/10 9/9
f 370/370 11/11 10/10
f 370/370 12/12 11/11
f 370/370 13/13 12/12
f 370/370 14/14 13/13
f 370/370 15/15 14/14
f 370/370 16/16 15/15
f 370/370 17/17 16/16
f 370/370 18/18 17/17
f 370/370 19/19 18/18
f 370/370 20/20 19/19
f 370/370 21/21 20/20
f 370/370 22/22 21/21
f 370/370 23/23 22/22
f 370/370 24/24 23/23
f 370/370 25/25 24/24
f 370/370 26/26 25/25
f 370/370 27/27 26/26
f 370/370 28/28 27/27
f 370/370 29/29 28/28
f 370/370 30/30 29/29
f 370/370 31/31 30/30
f 370/370 32/32 31/31
f 370/370 33/33 32/32
f 370/370 34/34 33/33
f 370/370 35/35 34/34
f 370/370 36/36 35/35
f 370/370 37/37 36/36
f 370/370 38/38 37/37
f 370/370 39/39 38/38
f 370/370 40/40 39/39
f 370/370 41/41 40/40
usemtl white
f 371/371 389/389 388/388
f 372/372 390/390 389/389
f 373/373 391/391 390/390
f 374/374 392/392 391/391
f 375/375 393/393 392/392
f 376/376 394/394 393/393
f 377/377 395/395 394/394
f 378/378 396/396 395/395
f 379/379 397/397 396/396
f 380/380 398/398 397/397
f 381/381 399/399 398/398
f 382/382 400/400 399/399
f 383/383 401/401 400/400
f 384/384 402/402 401/401
f 385/385 403/403 402/402
f 386/386 404/404 403/403
f 388/388 389/389 406/406
f 388/388 406/406 405/405
f 389/389 390/390 407/407
f 389/389 407/407 406/406
f 390/390 391/391 408/408
f 390/390 408/408 407/407
f 391/391 392/392 409/409
f 391/391 409/409 408/408
f 392/392 393/393 410/410
f 392/392 410/410 409/409
f 393/393 394/394 411/411
f 393/393 411/411 410/410
f 394/394 395/395 412/412
f 394/394 412/412 411/411
f 395/395 396/396 413/413
f 395/395 413/413 412/412
f 396/396 397/397 414/414
f 396/396 414/414 413/413
f 397/397 398/398 415/415
f 397/397 415/415 414/414
f 398/398 399/399 416/416
f 398/398 416/416 415/415
f 399/399 400/400 417/417
f 399/399 417/417 416/416
f 400/400 401/401 418/418
f 400/400 418/418 417/417
f 401/401 402/402 419/419
f 401/401 419/419 418/418
f 402/402 403/403 420/420
f 402/402 420/420 419/419
f 403/403 404/404 421/421
f 403/403 421/421 420/420
f 405/405 406/406 423/423
f 405/405 423/423 422/422
f 406/406 407/407 424/424
f 406/406 424/424 423/423
f 407/407 408/408 425/425
f 407/407 425/425 424/424
f 408/408 409/409 426/426
f 408/408 426/426 425/425
f 409/409 410/410 427/427
f 409/409 427/427 426/426
f 410/410 411/411 428/428
f 410/410 428/428 427/427
f 411/411 412/412 429/429
f 411/411 429/429 428/428
f 412/412 413/413 430/430
f 412/412 430/430 429/429
f 413/413 414/414 431/431
f 413/413 431/431 430/430
f 414/414 415/415 432/432
f 414/414 432/432 431/431
f 415/415 416/416 433/433
f 415/415 433/433 432/432
f 416/416 417/417 434/434
f 416/416 434/434 433/433
f 417/417 418/418 435/435
f 417/417 435/435 434/434
f 418/418 419/419 436/436
f 418/418 436/436 435/435
f 419/419 420/420 437/437
f 419/419 437/437 436/436
f 420/420 421/421 438/438
f 420/420 438/438 437/437
f 422/422 423/423 440/440
f 422/422 440/440 439/439
f 423/423 424/424 441/441
f 423/423 441/441 440/440
f 424/424 425/425 442/442
f 424/424 442/442 441/441
f 425/425 426/426 443/443
f 425/425 443/443 442/442
f 426/426 427/427 444/444
f 426/426 444/444 443/443
f 427/427 428/428 445/445
f 427/427 445/445 444/444
f 428/428 429/429 446/446
f 428/428 446/446 445/445
f 429/429 430/430 447/447
f 429/429 447/447 446/446
f 430/430 431/431 448/448
f 430/430 448/448 447/447
f 431/431 432/432 449/449
f 431/431 449/449 448/448
f 432/432 433/433 450/450
f 432/432 450/450 449/449
f 433/433 434/434 451/451
f 433/433 451/451 450/450
f 434/434 435/435 452/452
f 434/434 452/452 451/451
f 435/435 436/436 453/453
f 435/435 453/453 452/452
f 436/436 437/437 454/454
f 436/436 454/454 453/453
f 437/437 438/438 455/455
f 437/437 455/455 454/454
f 439/439 440/440 457/457
f 439/439 457/457 456/456
f 440/440 441/441 458/458
f 440/440 458/458 457/457
f 441/441 442/442 459/459
f 441/441 459/459 458/458
f 442/442 443/443 460/460
f 442/442 460/460 459/459
f 443/443 444/444 461/461
f 443/443 461/461 460/460
f 444/444 445/445 462/462
f 444/444 462/462 461/461
f 445/445 446/446 463/463
f 445/445 463/463 462/462
f 446/446 447/447 464/464
f 446/446 464/464 463/463
f 447/447 448/448 465/465
f 447/447 465/465 464/464
f 448/448 449/449 466/466
f 448/448 466/466 465/465
f 449/449 450/450 467/467
f 449/449 467/467 466/466
f 450/450 451/451 468/468
f 450/450 468/468 467/467
f 451/451 452/452 469/469
f 451/451 469/469 468/468
f 452/452 453/453 470/470
f 452/452 470/470 469/469
f 453/453 454/454 471/471
f 453/453 471/471 470/470
f 454/454 455/455 472/472
f 454/454 472/472 471/471
f 456/456 457/457 474/474
f 456/456 474/474 473/473
f 457/457 458/458 475/475
f 457/457 475/475 474/474
f 458/458 459/459 476/476
f 458/458 476/476 475/475
f 459/459 460/460 477/477
f 459/459 477/477 476/476
f 460/460 461/461 478/478
f 460/460 478/478 477/477
f 461/461 462/462 479/479
f 461/461 479/479 478/478
f 462/462 463/463 480/480
f 462/462 480/480 479/479
f 463/463 464/464 481/481
f 463/463 481/481 480/480
f 464/464 465/465 482/482
f 464/464 482/482 481/481
f 465/465 466/466 483/483
f 465/465 483/483 482/482
f 466/466 467/467 484/484
f 466/466 484/484 483/483
f 467/467 468/468 485/485
f 467/467 485/485 484/484
f 468/468 469/469 486/486
f 468/468 486/486 485/485
f 469/469 470/470 487/487
f 469/469 487/487 486/486
f 470/470 471/471 488/488
f 470/470 488/488 487/487
f 471/471 472/472 489/489
f 471/471 489/489 488/488
f 473/473 474/474 491/491
f 473/473 491/491 490/490
f 474/474 475/475 492/492
f 474/474 492/492 491/491
f 475/475 476/476 493/493
f 475/475 493/493 492/492
f 476/476 477/477 494/494
f 476/476 494/494 493/493
f 477/477 478/478 495/495
f 477/477 495/495 494/494
f 478/478 479/479 496/496
f 478/478 496/496 495/495
f 479/479 480/480 497/497
f 479/479 497/497 496/496
f 480/480 481/481 498/498
f 480/480 498/498 497/497
f 481/481 482/482 499/499
f 481/481 499/499 498/498
f 482/482 483/483 500/500
f 482/482 500/500 499/499
f 483/483 484/484 501/501
f 483/483 501/501 500/500
f 484/484 485/485 502/502
f 484/484 502/502 501/501
f 485/485 486/486 503/503
f 485/485 503/503 502/502
f 486/486 487/487 504/504
f 486/486 504/504 503/503
f 487/487 488/488 505/505
f 487/487 505/505 504/504
f 488/488 489/489 506/506
f 488/488 506/506 505/505
f 490/490 491/491 508/508
f 490/490 508/508 507/507
f 491/491 492/492 509/509
f 491/491 509/509 508/508
f 492/492 493/493 510/510
f 492/492 510/510 509/509
f 493/493 494/494 511/511
f 493/493 511/511 510/510
f 494/494 495/495 512/512
f 494/494 512/512 511/511
f 495/495 496/496 513/513
f 495/495 513/513 512/512
f 496/496 497/497 514/514
f 496/496 514/514 513/513
f 497/497 498/498 515/515
f 497/497 515/515 514/514
f 498/498 499/499 516/516
f 498/498 516/516 515/515
f 499/499 500/500 517/517
f 499/499 517/517 516/516
f 500/500 501/501 518/518
f 500/500 518/518 517/517
f 501/501 502/502 519/519
f 501/501 519/519 518/518
f 502/502 503/503 520/520
f 502/502 520/520 519/519
f 503/503 504/504 521/521
f 503/503 521/521 520/520
f 504/504 505/505 522/522
f 504/504 522/522 521/521
f 505/505 506/506 523/523
f 505/505 523/523 522/522
f 507/507 508/508 525/525
f 507/507 525/525 524/524
f 508/508 509/509 526/526
f 508/508 526/526 525/525
f 509/509 510/510 527/527
f 509/509 527/527 526/526
f 510/510 511/511 528/528
f 510/510 528/528 527/527
f 511/511 512/512 529/529
f 511/511 529/529 528/528
f 512/512 513/513 530/530
f 512/512 530/530 529/529
f 513/513 514/514 531/531
f 513/513 531/531 530/530
f 514/514 515/515 532/532
f 514/514 532/532 531/531
f 515/515 516/516 533/533
f 515/515 533/533 532/532
f 516/516 517/517 534/534
f 516/516 534/534 533/533
f 517/517 518/518 535/535
f 517/517 535/535 534/534
f 518/518 519/519 536/536
f 518/518 536/536 535/535
f 519/519 520/520 537/537
f 519/519 537/537 536/536
f 520/520 521/521 538/538
f 520/520 538/538 537/537
f 521/521 522/522 539/539
f 521/521 539/539 538/538
f 522/522 523/523 540/540
f 522/522 540/540 539/539
f 524/524 525/525 542/542
f 525/525 526/526 543/543
f 526/526 527/527 544/544
f 527/527 528/528 545/545
f 528/528 529/529 546/546
f 529/529 530/530 547/547
f 530/530 531/531 548/548
f 531/531 532/532 549/549
f 532/532 533/533 550/550
f 533/533 534/534 551/551
f 534/534 535/535 552/552
f 535/535 536/536 553/553
f 536/536 537/537 554/554
f 537/537 538/538 555/555
f 538/538 539/539 556/556
f 539/539 540/540 557/557
f 745/745 763/763 762/762
f 746/746 764/764 763/763
f 747/747 765/765 764/764
f 748/748 766/766 765/765
f 749/749 767/767 766/766
f 750/750 768/768 767/767
f 751/751 769/769 768/768
f 752/752 770/770 769/769
f 753/753 771/771 770/770
f 754/754 772/772 771/771
f 755/755 773/773 772/772
f 756/756 774/774 773/773
f 757/757 775/775 774/774
f 758/758 776/776 775/775
f 759/759 777/777 776/776
f 760/760 778/778 777/777
f 762/762 763/763 780/780
f 762/762 780/780 779/779
f 763/763 764/764 781/781
f 763/763 781/781 780/780
f 764/764 765/765 782/782
f 764/764 782/782 781/781
f 765/765 766/766 783/783
f 765/765 783/783 782/782
f 766/766 767/767 784/784
f 766/766 784/784 783/783
f 767/767 768/768 785/785
f 767/767 785/785 784/784
f 768/768 769/769 786/786
f 768/768 786/786 785/785
f 769/769 770/770 787/787
f 769/769 787/787 786/786
f 770/770 771/771 788/788
f 770/770 788/788 787/787
f 771/771 772/772 789/789
f 771/771 789/789 788/788
f 772/772 773/773 790/790
f 772/772 790/790 789/789
f 773/773 774/774 791/791
f 773/773 791/791 790/790
f 774/774 775/775 792/792
f 774/774 792/792 791/791
f 775/775 776/776 793/793
f 775/775 793/793 792/792
f 776/776 777/777 794/794
f 776/776 794/794 793/793
f 777/777 778/778 795/795
f 777/777 795/795 794/794
f 779/779 780/780 797/797
f 779/779 797/797 796/796
f 780/780 781/781 798/798
f 780/780 798/798 797/797
f 781/781 782/782 799/799
f 781/781 799/799 798/798
f 782/782 783/783 800/800
f 782/782 800/800 799/799
f 783/783 784/784 801/801
f 783/783 801/801 800/800
f 784/784 785/785 802/802
f 784/784 802/802 801/801
f 785/785 786/786 803/803
f 785/785 803/803 802/802
f 786/786 787/787 804/804
f 786/786 804/804 803/803
f 787/787 788/788 805/805
f 787/787 805/805 804/804
f 788/788 789/789 806/806
f 788/788 806/806 805/805
f 789/789 790/790 807/807
f 789/789 807/807 806/806
f 790/790 791/791 808/808
f 790/790 808/808 807/807
f 791/791 792/792 809/809
f 791/791 809/809 808/808
f 792/792 793/793 810/810
f 792/792 810/810 809/809
f 793/793 794/794 811/811
f 793/793 811/811 810/810
f 794/794 795/795 812/812
f 794/794 812/812 811/811
f 796/796 797/797 814/814
f 796/796 814/814 813/813
f 797/797 798/798 815/815
f 797/797 815/815 814/814
f 798/798 799/799 816/816
f 798/798 816/816 815/815
f 799/799 800/800 817/817
f 799/799 817/817 816/816
f 800/800 801/801 818/818
f 800/800 818/818 817/817
f 801/801 802/802 819/819
f 801/801 819/819 818/818
f 802/802 803/803 820/820
f 802/802 820/820 819/819
f 803/803 804/804 821/821
f 803/803 821/821 820/820
f 804/804 805/805 822/822
f 804/804 822/822 821/821
f 805/805 806/806 823/823
f 805/805 823/823 822/822
f 806/806 807/807 824/824
f 806/806 824/824 823/823
f 807/807 808/808 825/825
f 807/807 825/825 824/824
f 808/808 809/809 826/826
f 808/808 826/826 825/825
f 809/809 810/810 827/827
f 809/809 827/827 826/826
f 810/810 811/811 828/828
f 810/810 828/828 827/827
f 811/811 812/812 829/829
f 811/811 829/829 828/828
f 813/813 814/814 831/831
f 813/813 831/831 830/830
f 814/814 815/815 832/832
f 814/814 832/832 831/831
f 815/815 816/816 833/833
f 815/815 833/833 832/832
f 816/816 817/817 834/834
f 816/816 834/834 833/833
f 817/817 818/818 835/835
f 817/817 835/835 834/834
f 818/818 819/819 836/836
f 818/818 836/836 835/835
f 819/819 820/820 837/837
f 819/819 837/837 836/836
f 820/820 821/821 838/838
f 820/820 838/838 837/837
f 821/821 822/822 839/839
f 821/821 839/839 838/838
f 822/822 823/823 840/840
f 822/822 840/840 839/839
f 823/823 824/824 841/841
f 823/823 841/841 840/840
f 824/824 825/825 842/842
f 824/824 842/842 841/841
f 825/825 826/826 843/843
f 825/825 843/843 842/842
f 826/826 827/827 844/844
f 826/826 844/844 843/843
f 827/827 828/828 845/845
f 827/827 845/845 844/844
f 828/828 829/829 846/846
f 828/828 846/846 845/845
f 830/830 831/831 848/848
f 830/830 848/848 847/847
f 831/831 832/832 849/849
f 831/831 849/849 848/848
f 832/832 833/833 850/850
f 832/832 850/850 849/849
f 833/833 834/834 851/851
f 833/833 851/851 850/850
f 834/834 835/835 852/852
f 834/834 852/852 851/851
f 835/835 836/836 853/853
f 835/835 853/853 852/852
f 836/836 837/837 854/854
f 836/836 854/854 853/853
f 837/837 838/838 855/855
f 837/837 855/855 854/854
f 838/838 839/839 856/856
f 838/838 856/856 855/855
f 839/839 840/840 857/857
f 839/839 857/857 856/856
f 840/840 841/841 858/858
f 840/840 858/858 857/857
f 841/841 842/842 859/859
f 841/841 859/859 858/858
f 842/842 843/843 860/860
f 842/842 860/860 859/859
f 843/843 844/844 861/861
f 843/843 861/861 860/860
f 844/844 845/845 862/862
f 844/844 862/862 861/861
f 845/845 846/846 863/863
f 845/845 863/863 862/862
f 847/847 848/848 865/865
f 847/847 865/865 864/864
f 848/848 849/849 866/866
f 848/848 866/866 865/865
f 849/849 850/850 867/867
f 849/849 867/867 866/866
f 850/850 851/851 868/868
f 850/850 868/868 867/867
f 851/851 852/852 869/869
f 851/851 869/869 868/868
f 852/852 853/853 870/870
f 852/852 870/870 869/869
f 853/853 854/854 871/871
f 853/853 871/871 870/870
f 854/854 855/855 872/872
f 854/854 872/872 871/871
f 855/855 856/856 873/873
f 855/855 873/873 872/872
f 856/856 857/857 874/874
f 856/856 874/874 873/873
f 857/857 858/858 875/875
f 857/857 875/875 874/874
f 858/858 859/859 876/876
f 858/858 876/876 875/875
f 859/859 860/860 877/877
f 859/859 877/877 876/876
f 860/860 861/861 878/878
f 860/860 878/878 877/877
f 861/861 862/862 879/879
f 861/861 879/879 878/878
f 862/862 863/863 880/880
f 862/862 880/880 879/879
f 864/864 865/865 882/882
f 864/864 882/882 881/881
f 865/865 866/866 883/883
f 865/865 883/883 882/882
f 866/866 867/867 884/884
f 866/866 884/884 883/883
f 867/867 868/868 885/885
f 867/867 885/885 884/884
f 868/868 869/869 886/886
f 868/868 886/886 885/885
f 869/869 870/870 887/887
f 869/869 887/887 886/886
f 870/870 871/871 888/888
f 870/870 888/888 887/887
f 871/871 872/872 889/889
f 871/871 889/889 888/888
f 872/872 873/873 890/890
f 872/872 890/890 889/889
f 873/873 874/874 891/891
f 873/873 891/891 890/890
f 874/874 875/875 892/892
f 874/874 892/892 891/891
f 875/875 876/876 893/893
f 875/875 893/893 892/892
f 876/876 877/877 894/894
f 876/876 894/894 893/893
f 877/877 878/878 895/895
f 877/877 895/895 894/894
f 878/878 879/879 896/896
f 878/878 896/896 895/895
f 879/879 880/880 897/897
f 879/879 897/897 896/896
f 881/881 882/882 899/899
f 881/881 899/899 898/898
f 882/882 883/883 900/900
f 882/882 900/900 899/899
f 883/883 884/884 901/901
f 883/883 901/901 900/900
f 884/884 885/885 902/902
f 884/884 902/902 901/901
f 885/885 886/886 903/903
f 885/885 903/903 902/902
f 886/886 887/887 904/904
f 886/886 904/904 903/903
f 887/887 888/888 905/905
f 887/887 905/905 904/904
f 888/888 889/889 906/906
f 888/888 906/906 905/905
f 889/889 890/890 907/907
f 889/889 907/907 906/906
f 890/890 891/891 908/908
f 890/890 908/908 907/907
f 891/891 892/892 909/909
f 891/891 909/909 908/908
f 892/892 893/893 910/910
f 892/892 910/910 909/909
f 893/893 894/894 911/911
f 893/893 911/911 910/910
f 894/894 895/895 912/912
f 894/894 912/912 911/911
f 895/895 896/896 913/913
f 895/895 913/913 912/912
f 896/896 897/897 914/914
f 896/896 914/914 913/913
f 898/898 899/899 916/916
f 899/899 900/900 917/917
f 900/900 901/901 918/918
f 901/901 902/902 919/919
f 902/902 903/903 920/920
f 903/903 904/904 921/921
f 904/904 905/905 922/922
f 905/905 906/906 923/923
f 906/906 907/907 924/924
f 907/907 908/908 925/925
f 908/908 909/909 926/926
f 909/909 910/910 927/927
f 910/910 911/911 928/928
f 911/911 912/912 929/929
f 912/912 913/913 930/930
f 913/913 914/914 931/931
usemtl black
f 558/558 576/576 575/575
f 559/559 577/577 576/576
f 560/560 578/578 577/577
f 561/561 579/579 578/578
f 562/562 580/580 579/579
f 563/563 581/581 580/580
f 564/564 582/582 581/581
f 565/565 583/583 582/582
f 566/566 584/584 583/583
f 567/567 585/585 584/584
f 568/568 586/586 585/585
f 569/569 587/587 586/586
f 570/570 588/588 587/587
f 571/571 589/589 588/588
f 572/572 590/590 589/589
f 573/573 591/591 590/590
f 575/575 576/576 593/593
f 575/575 593/593 592/592
f 576/576 577/577 594/594
f 576/576 594/594 593/593
f 577/577 578/578 595/595
f 577/577 595/595 594/594
f 578/578 579/579 596/596
f 578/578 596/596 595/595
f 579/579 580/580 597/597
f 579/579 597/597 596/596
f 580/580 581/581 598/598
f 580/580 598/598 597/597
f 581/581 582/582 599/599
f 581/581 599/599 598/598
f 582/582 583/583 600/600
f 582/582 600/600 599/599
f 583/583 584/584 601/601
f 583/583 601/601 600/600
f 584/584 585/585 602/602
f 584/584 602/602 601/601
f 585/585 586/586 603/603
f 585/585 603/603 602/602
f 586/586 587/587 604/604
f 586/586 604/604 603/603
f 587/587 588/588 605/605
f 587/587 605/605 604/604
f 588/588 589/589 606/606
f 588/588 606/606 605/605
f 589/589 590/590 607/607
f 589/589 607/607 606/606
f 590/590 591/591 608/608
f 590/590 608/608 607/607
f 592/592 593/593 610/610
f 592/592 610/610 609/609
f 593/593 594/594 611/611
f 593/593 611/611 610/610
f 594/594 595/595 612/612
f 594/594 612/612 611/611
f 595/595 596/596 613/613
f 595/595 613/613 612/612
f 596/596 597/597 614/614
f 596/596 614/614 613/613
f 597/597 598/598 615/615
f 597/597 615/615 614/614
f 598/598 599/599 616/616
f 598/598 616/616 615/615
f 599/599 600/600 617/617
f 599/599 617/617 616/616
f 600/600 601/601 618/618
f 600/600 618/618 617/617
f 601/601 602/602 619/619
f 601/601 619/619 618/618
f 602/602 603/603 620/620
f 602/602 620/620 619/619
f 603/603 604/604 621/621
f 603/603 621/621 620/620
f 604/604 605/605 622/622
f 604/604 622/622 621/621
f 605/605 606/606 623/623
f 605/605 623/623 622/622
f 606/606 607/607 624/624
f 606/606 624/624 623/623
f 607/607 608/608 625/625
f 607/607 625/625 624/624
f 609/609 610/610 627/627
f 609/609 627/627 626/626
f 610/610 611/611 628/628
f 610/610 628/628 627/627
f 611/611 612/612 629/629
f 611/611 629/629 628/628
f 612/612 613/613 630/630
f 612/612 630/630 629/629
f 613/613 614/614 631/631
f 613/613 631/631 630/630
f 614/614 615/615 632/632
f 614/614 632/632 631/631
f 615/615 616/616 633/633
f 615/615 633/633 632/632
f 616/616 617/617 634/634
f 616/616 634/634 633/633
f 617/617 618/618 635/635
f 617/617 635/635 634/634
f 618/618 619/619 636/636
f 618/618 636/636 635/635
f 619/619 620/620 637/637
f 619/619 637/637 636/636
f 620/620 621/621 638/638
f 620/620 638/638 637/637
f 621/621 622/622 639/639
f 621/621 639/639 638/638
f 622/622 623/623 640/640
f 622/622 640/640 639/639
f 623/623 624/624 641/641
f 623/623 641/641 640/640
f 624/624 625/625 642/642
f 624/624 642/642 641/641
f 626/626 627/627 644/644
f 626/626 644/644 643/643
f 627/627 628/628 645/645
f 627/627 645/645 644/644
f 628/628 629/629 646/646
f 628/628 646/646 645/645
f 629/629 630/630 647/647
f 629/629 647/647 646/646
f 630/630 631/631 648/648
f 630/630 648/648 647/647
f 631/631 632/632 649/649
f 631/631 649/649 648/648
f 632/632 633/633 650/650
f 632/632 650/650 649/649
f 633/633 634/634 651/651
f 633/633 651/651 650/650
f 634/634 635/635 652/652
f 634/634 652/652 651/651
f 635/635 636/636 653/653
f 635/635 653/653 652/652
f 636/636 637/637 654/654
f 636/636 654/654 653/653
f 637/637 638/638 655/655
f 637/637 655/655 654/654
f 638/638 639/639 656/656
f 638/638 656/656 655/655
f 639/639 640/640 657/657
f 639/639 657/657 656/656
f 640/640 641/641 658/658
f 640/640 658/658 657/657
f 641/641 642/642 659/659
f 641/641 659/659 658/658
f 643/643 644/644 661/661
f 643/643 661/661 660/660
f 644/644 645/645 662/662
f 644/644 662/662 661/661
f 645/645 646/646 663/663
f 645/645 663/663 662/662
f 646/646 647/647 664/664
f 646/646 664/664 663/663
f 647/647 648/648 665/665
f 647/647 665/665 664/664
f 648/648 649/649 666/666
f 648/648 666/666 665/665
f 649/649 650/650 667/667
f 649/649 667/667 666/666
f 650/650 651/651 668/668
f 650/650 668/668 667/667
f 651/651 652/652 669/669
f 651/651 669/669 668/668
f 652/652 653/653 670/670
f 652/652 670/670 669/669
f 653/653 654/654 671/671
f 653/653 671/671 670/670
f 654/654 655/655 672/672
f 654/654 672/672 671/671
f 655/655 656/656 673/673
f 655/655 673/673 672/672
f 656/656 657/657 674/674
f 656/656 674/674 673/673
f 657/657 658/658 675/675
f 657/657 675/675 674/674
f 658/658 659/659 676/676
f 658/658 676/676 675/675
f 660/660 661/661 678/678
f 660/660 678/678 677/677
f 661/661 662/662 679/679
f 661/661 679/679 678/678
f 662/662 663/663 680/680
f 662/662 680/680 679/679
f 663/663 664/664 681/681
f 663/663 681/681 680/680
f 664/664 665/665 682/682
f 664/664 682/682 681/681
f 665/665 666/666 683/683
f 665/665 683/683 682/682
f 666/666 667/667 684/684
f 666/666 684/684 683/683
f 667/667 668/668 685/685
f 667/667 685/685 684/684
f 668/668 669/669 686/686
f 668/668 686/686 685/685
f 669/669 670/670 687/687
f 669/669 687/687 686/686
f 670/670 671/671 688/688
f 670/670 688/688 687/687
f 671/671 672/672 689/689
f 671/671 689/689 688/688
f 672/672 673/673 690/690
f 672/672 690/690 689/689
f 673/673 674/674 691/691
f 673/673 691/691 690/690
f 674/674 675/675 692/692
f 674/674 692/692 691/691
f 675/675 676/676 693/693
f 675/675 693/693 692/692
f 677/677 678/678 695/695
f 677/677 695/695 694/694
f 678/678 679/679 696/696
f 678/678 696/696 695/695
f 679/679 680/680 697/697
f 679/679 697/697 696/696
f 680/680 681/681 698/698
f 680/680 698/698 697/697
f 681/681 682/682 699/699
f 681/681 699/699 698/698
f 682/682 683/683 700/700
f 682/682 700/700 699/699
f 683/683 684/684 701/701
f 683/683 701/701 700/700
f 684/684 685/685 702/702
f 684/684 702/702 701/701
f 685/685 686/686 703/703
f 685/685 703/703 702/702
f 686/686 687/687 704/704
f 686/686 704/704 703/703
f 687/687 688/688 705/705
f 687/687 705/705 704/704
f 688/688 689/689 706/706
f 688/688 706/706 705/705
f 689/689 690/690 707/707
f 689/689 707/707 706/706
f 690/690 691/691 708/708
f 690/690 708/708 707/707
f 691/691 692/692 709/709
f 691/691 709/709 708/708
f 692/692 693/693 710/710
f 692/692 710/710 709/709
f 694/694 695/695 712/712
f 694/694 712/712 711/711
f 695/695 696/696 713/713
f 695/695 713/713 712/712
f 696/696 697/697 714/714
f 696/696 714/714 713/713
f 697/697 698/698 715/715
f 697/697 715/715 714/714
f 698/698 699/699 716/716
f 698/698 716/716 715/715
f 699/699 700/700 717/717
f 699/699 717/717 716/716
f 700/700 701/701 718/718
f 700/700 718/718 717/717
f 701/701 702/702 719/719
f 701/701 719/719 718/718
f 702/702 703/703 720/720
f 702/702 720/720 719/719
f 703/703 704/704 721/721
f 703/703 721/721 720/720
f 704/704 705/705 722/722
f 704/704 722/722 721/721
f 705/705 706/706 723/723
f 705/705 723/723 722/722
f 706/706 707/707 724/724
f 706/706 724/724 723/723
f 707/707 708/708 725/725
f 707/707 725/725 724/724
f 708/708 709/709 726/726
f 708/708 726/726 725/725
f 709/709 710/710 727/727
f 709/709 727/727 726/726
f 711/711 712/712 729/729
f 712/712 713/713 730/730
f 713/713 714/714 731/731
f 714/714 715/715 732/732
f 715/715 716/716 733/733
f 716/716 717/717 734/734
f 717/717 718/718 735/735
f 718/718 719/719 736/736
f 719/719 720/720 737/737
f 720/720 721/721 738/738
f 721/721 722/722 739/739
f 722/722 723/723 740/740
f 723/723 724/724 741/741
f 724/724 725/725 742/742
f 725/725 726/726 743/743
f 726/726 727/727 744/744
f 932/932 950/950 949/949
f 933/933 951/951 950/950
f 934/934 952/952 951/951
f 935/935 953/953 952/952
f 936/936 954/954 953/953
f 937/937 955/955 954/954
f 938/938 956/956 955/955
f 939/939 957/957 956/956
f 940/940 958/958 957/957
f 941/941 959/959 958/958
f 942/942 960/960 959/959
f 943/943 961/961 960/960
f 944/944 962/962 961/961
f 945/945 963/963 962/962
f 946/946 964/964 963/963
f 947/947 965/965 964/964
f 949/949 950/950 967/967
f 949/949 967/967 966/966
f 950/950 951/951 968/968
f 950/950 968/968 967/967
f 951/951 952/952 969/969
f 951/951 969/969 968/968
f 952/952 953/953 970/970
f 952/952 970/970 969/969
f 953/953 954/954 971/971
f 953/953 971/971 970/970
f 954/954 955/955 972/972
f 954/954 972/972 971/971
f 955/955 956/956 973/973
f 955/955 973/973 972/972
f 956/956 957/957 974/974
f 956/956 974/974 973/973
f 957/957 958/958 975/975
f 957/957 975/975 974/974
f 958/958 959/959 976/976
f 958/958 976/976 975/975
f 959/959 960/960 977/977
f 959/959 977/977 976/976
f 960/960 961/961 978/978
f 960/960 978/978 977/977
f 961/961 962/962 979/979
f 961/961 979/979 978/978
f 962/962 963/963 980/980
f 962/962 980/980 979/979
f 963/963 964/964 981/981
f 963/963 981/981 980/980
f 964/964 965/965 982/982
f 964/964 982/982 981/981
f 966/966 967/967 984/984
f 966/966 984/984 983/983
f 967/967 968/968 985/985
f 967/967 985/985 984/984
f 968/968 969/969 986/986
f 968/968 986/986 985/985
f 969/969 970/970 987/987
f 969/969 987/987 986/986
f 970/970 971/971 988/988
f 970/970 988/988 987/987
f 971/971 972/972 989/989
f 971/971 989/989 988/988
f 972/972 973/973 990/990
f 972/972 990/990 989/989
f 973/973 974/974 991/991
f 973/973 991/991 990/990
f 974/974 975/975 992/992
f 974/974 992/992 991/991
f 975/975 976/976 993/993
f 975/975 993/993 992/992
f 976/976 977/977 994/994
f 976/976 994/994 993/993
f 977/977 978/978 995/995
f 977/977 995/995 994/994
f 978/978 979/979 996/996
f 978/978 996/996 995/995
f 979/979 980/980 997/997
f 979/979 997/997 996/996
f 980/980 981/981 998/998
f 980/980 998/998 997/997
f 981/981 982/982 999/999
f 981/981 999/999 998/998
f 983/983 984/984 1001/1001
f 983/983 1001/1001 1000/1000
f 984/984 985/985 1002/1002
f 984/984 1002/1002 1001/1001
f 985/985 986/986 1003/1003
f 985/985 1003/1003 1002/1002
f 986/986 987/987 1004/1004
f 986/986 1004/1004 1003/1003
f 987/987 988/988 1005/1005
f 987/987 1005/1005 1004/1004
f 988/988 989/989 1006/1006
f 988/988 1006/1006 1005/1005
f 989/989 990/990 1007/1007
f 989/989 1007/1007 1006/1006
f 990/990 991/991 1008/1008
f 990/990 1008/1008 1007/1007
f 991/991 992/992 1009/1009
f 991/991 1009/1009 1008/1008
f 992/992 993/993 1010/1010
f 992/992 1010/1010 1009/1009
f 993/993 994/994 1011/1011
f 993/993 1011/1011 1010/1010
f 994/994 995/995 1012/1012
f 994/994 1012/1012 1011/1011
f 995/995 996/996 1013/1013
f 995/995 1013/1013 1012/1012
f 996/996 997/997 1014/1014
f 996/996 1014/1014 1013/1013
f 997/997 998/998 1015/1015
f 997/997 1015/1015 1014/1014
f 998/998 999/999 1016/1016
f 998/998 1016/1016 1015/1015
f 1000/1000 1001/1001 1018/1018
f 1000/1000 1018/1018 1017/1017
f 1001/1001 1002/1002 1019/1019
f 1001/1001 1019/1019 1018/1018
f 1002/1002 1003/1003 1020/1020
f 1002/1002 1020/1020 1019/1019
f 1003/1003 1004/1004 1021/1021
f 1003/1003 1021/1021 1020/1020
f 1004/1004 1005/1005 1022/1022
f 1004/1004 1022/1022 1021/1021
f 1005/1005 1006/1006 1023/1023
f 1005/1005 1023/1023 1022/1022
f 1006/1006 1007/1007 1024/1024
f 1006/1006 1024/1024 1023/1023
f 1007/1007 1008/1008 1025/1025
f 1007/1007 1025/1025 1024/1024
f 1008/1008 1009/1009 1026/1026
f 1008/1008 1026/1026 1025/1025
f 1009/1009 1010/1010 1027/1027
f 1009/1009 1027/1027 1026/1026
f 1010/1010 1011/1011 1028/1028
f 1010/1010 1028/1028 1027/1027
f 1011/1011 1012/1012 1029/1029
f 1011/1011 1029/1029 1028/1028
f 1012/1012 1013/1013 1030/1030
f 1012/1012 1030/1030 1029/1029
f 1013/1013 1014/1014 1031/1031
f 1013/1013 1031/1031 1030/1030
f 1014/1014 1015/1015 1032/1032
f 1014/1014 1032/1032 1031/1031
f 1015/1015 1016/1016 1033/1033
f 1015/1015 1033/1033 1032/1032
f 1017/1017 1018/1018 1035/1035
f 1017/1017 1035/1035 1034/1034
f 1018/1018 1019/1019 1036/1036
f 1018/1018 1036/1036 1035/1035
f 1019/1019 1020/1020 1037/1037
f 1019/1019 1037/1037 1036/1036
f 1020/1020 1021/1021 1038/1038
f 1020/1020 1038/1038 1037/1037
f 1021/1021 1022/1022 1039/1039
f 1021/1021 1039/1039 1038/1038
f 1022/1022 1023/1023 1040/1040
f 1022/1022 1040/1040 1039/1039
f 1023/1023 1024/1024 1041/1041
f 1023/1023 1041/1041 1040/1040
f 1024/1024 1025/1025 1042/1042
f 1024/1024 1042/1042 1041/1041
f 1025/1025 1026/1026 1043/1043
f 1025/1025 1043/1043 1042/1042
f 1026/1026 1027/1027 1044/1044
f 1026/1026 1044/1044 1043/1043
f 1027/1027 1028/1028 1045/1045
f 1027/1027 1045/1045 1044/1044
f 1028/1028 1029/1029 1046/1046
f 1028/1028 1046/1046 1045/1045
f 1029/1029 1030/1030 1047/1047
f 1029/1029 1047/1047 1046/1046
f 1030/1030 1031/1031 1048/1048
f 1030/1030 1048/1048 1047/1047
f 1031/1031 1032/1032 1049/1049
f 1031/1031 1049/1049 1048/1048
f 1032/1032 1033/1033 1050/1050
f 1032/1032 1050/1050 1049/1049
f 1034/1034 1035/1035 1052/1052
f 1034/1034 1052/1052 1051/1051
f 1035/1035 1036/1036 1053/1053
f 1035/1035 1053/1053 1052/1052
f 1036/1036 1037/1037 1054/1054
f 1036/1036 1054/1054 1053/1053
f 1037/1037 1038/1038 1055/1055
f 1037/1037 1055/1055 1054/1054
f 1038/1038 1039/1039 1056/1056
f 1038/1038 1056/1056 1055/1055
f 1039/1039 1040/1040 1057/1057
f 1039/1039 1057/1057 1056/1056
f 1040/1040 1041/1041 1058/1058
f 1040/1040 1058/1058 1057/1057
f 1041/1041 1042/1042 1059/1059
f 1041/1041 1059/1059 1058/1058
f 1042/1042 1043/1043 1060/1060
f 1042/1042 1060/1060 1059/1059
f 1043/1043 1044/1044 1061/1061
f 1043/1043 1061/1061 1060/1060
f 1044/1044 1045/1045 1062/1062
f 1044/1044 1062/1062 1061/1061
f 1045/1045 1046/1046 1063/1063
f 1045/1045 1063/1063 1062/1062
f 1046/1046 1047/1047 1064/1064
f 1046/1046 1064/1064 1063/1063
f 1047/1047 1048/1048 1065/1065
f 1047/1047 1065/1065 1064/1064
f 1048/1048 1049/1049 1066/1066
f 1048/1048 1066/1066 1065/1065
f 1049/1049 1050/1050 1067/1067
f 1049/1049 1067/1067 1066/1066
f 1051/1051 1052/1052 1069/1069
f 1051/1051 1069/1069 1068/1068
f 1052/1052 1053/1053 1070/1070
f 1052/1052 1070/1070 1069/1069
f 1053/1053 1054/1054 1071/1071
f 1053/1053 1071/1071 1070/1070
f 1054/1054 1055/1055 1072/1072
f 1054/1054 1072/1072 1071/1071
f 1055/1055 1056/1056 1073/1073
f 1055/1055 1073/1073 1072/1072
f 1056/1056 1057/1057 1074/1074
f 1056/1056 1074/1074 1073/1073
f 1057/1057 1058/1058 1075/1075
f 1057/1057 1075/1075 1074/1074
f 1058/1058 1059/1059 1076/1076
f 1058/1058 1076/1076 1075/1075
f 1059/1059 1060/1060 1077/1077
f 1059/1059 1077/1077 1076/1076
f 1060/1060 1061/1061 1078/1078
f 1060/1060 1078/1078 1077/1077
f 1061/1061 1062/1062 1079/1079
f 1061/1061 1079/1079 1078/1078
f 1062/1062 1063/1063 1080/1080
f 1062/1062 1080/1080 1079/1079
f 1063/1063 1064/1064 1081/1081
f 1063/1063 1081/1081 1080/1080
f 1064/1064 1065/1065 1082/1082
f 1064/1064 1082/1082 1081/1081
f 1065/1065 1066/1066 1083/1083
f 1065/1065 1083/1083 1082/1082
f 1066/1066 1067/1067 1084/1084
f 1066/1066 1084/1084 1083/1083
f 1068/1068 1069/1069 1086/1086
f 1068/1068 1086/1086 1085/1085
f 1069/1069 1070/1070 1087/1087
f 1069/1069 1087/1087 1086/1086
f 1070/1070 1071/1071 1088/1088
f 1070/1070 1088/1088 1087/1087
f 1071/1071 1072/1072 1089/1089
f 1071/1071 1089/1089 1088/1088
f 1072/1072 1073/1073 1090/1090
f 1072/1072 1090/1090 1089/1089
f 1073/1073 1074/1074 1091/1091
f 1073/1073 1091/1091 1090/1090
f 1074/1074 1075/1075 1092/1092
f 1074/1074 1092/1092 1091/1091
f 1075/1075 1076/1076 1093/1093
f 1075/1075 1093/1093 1092/1092
f 1076/1076 1077/1077 1094/1094
f 1076/1076 1094/1094 1093/1093
f 1077/1077 1078/1078 1095/1095
f 1077/1077 1095/1095 1094/1094
f 1078/1078 1079/1079 1096/1096
f 1078/1078 1096/1096 1095/1095
f 1079/1079 1080/1080 1097/1097
f 1079/1079 1097/1097 1096/1096
f 1080/1080 1081/1081 1098/1098
f 1080/1080 1098/1098 1097/1097
f 1081/1081 1082/1082 1099/1099
f 1081/1081 1099/1099 1098/1098
f 1082/1082 1083/1083 1100/1100
f 1082/1082 1100/1100 1099/1099
f 1083/1083 1084/1084 1101/1101
f 1083/1083 1101/1101 1100/1100
f 1085/1085 1086/1086 1103/1103
f 1086/1086 1087/1087 1104/1104
f 1087/1087 1088/1088 1105/1105
f 1088/1088 1089/1089 1106/1106
f 1089/1089 1090/1090 1107/1107
f 1090/1090 1091/1091 1108/1108
f 1091/1091 1092/1092 1109/1109
f 1092/1092 1093/1093 1110/1110
f 1093/1093 1094/1094 1111/1111
f 1094/1094 1095/1095 1112/1112
f 1095/1095 1096/1096 1113/1113
f 1096/1096 1097/1097 1114/1114
f 1097/1097 1098/1098 1115/1115
f 1098/1098 1099/1099 1116/1116
f 1099/1099 1100/1100 1117/1117
f 1100/1100 1101/1101 1118/1118
usemtl woodDark
f 1119/1119 1137/1137 1136/1136
f 1120/1120 1138/1138 1137/1137
f 1121/1121 1139/1139 1138/1138
f 1122/1122 1140/1140 1139/1139
f 1123/1123 1141/1141 1140/1140
f 1124/1124 1142/1142 1141/1141
f 1125/1125 1143/1143 1142/1142
f 1126/1126 1144/1144 1143/1143
f 1127/1127 1145/1145 1144/1144
f 1128/1128 1146/1146 1145/1145
f 1129/1129 1147/1147 1146/1146
f 1130/1130 1148/1148 1147/1147
f 1131/1131 1149/1149 1148/1148
f 1132/1132 1150/1150 1149/1149
f 1133/1133 1151/1151 1150/1150
f 1134/1134 1152/1152 1151/1151
f 1136/1136 1137/1137 1154/1154
f 1136/1136 1154/1154 1153/1153
f 1137/1137 1138/1138 1155/1155
f 1137/1137 1155/1155 1154/1154
f 1138/1138 1139/1139 1156/1156
f 1138/1138 1156/1156 1155/1155
f 1139/1139 1140/1140 1157/1157
f 1139/1139 1157/1157 1156/1156
f 1140/1140 1141/1141 1158/1158
f 1140/1140 1158/1158 1157/1157
f 1141/1141 1142/1142 1159/1159
f 1141/1141 1159/1159 1158/1158
f 1142/1142 1143/1143 1160/1160
f 1142/1142 1160/1160 1159/1159
f 1143/1143 1144/1144 1161/1161
f 1143/1143 1161/1161 1160/1160
f 1144/1144 1145/1145 1162/1162
f 1144/1144 1162/1162 1161/1161
f 1145/1145 1146/1146 1163/1163
f 1145/1145 1163/1163 1162/1162
f 1146/1146 1147/1147 1164/1164
f 1146/1146 1164/1164 1163/1163
f 1147/1147 1148/1148 1165/1165
f 1147/1147 1165/1165 1164/1164
f 1148/1148 1149/1149 1166/1166
f 1148/1148 1166/1166 1165/1165
f 1149/1149 1150/1150 1167/1167
f 1149/1149 1167/1167 1166/1166
f 1150/1150 1151/1151 1168/1168
f 1150/1150 1168/1168 1167/1167
f 1151/1151 1152/1152 1169/1169
f 1151/1151 1169/1169 1168/1168
f 1153/1153 1154/1154 1171/1171
f 1153/1153 1171/1171 1170/1170
f 1154/1154 1155/1155 1172/1172
f 1154/1154 1172/1172 1171/1171
f 1155/1155 1156/1156 1173/1173
f 1155/1155 1173/1173 1172/1172
f 1156/1156 1157/1157 1174/1174
f 1156/1156 1174/1174 1173/1173
f 1157/1157 1158/1158 1175/1175
f 1157/1157 1175/1175 1174/1174
f 1158/1158 1159/1159 1176/1176
f 1158/1158 1176/1176 1175/1175
f 1159/1159 1160/1160 1177/1177
f 1159/1159 1177/1177 1176/1176
f 1160/1160 1161/1161 1178/1178
f 1160/1160 1178/1178 1177/1177
f 1161/1161 1162/1162 1179/1179
f 1161/1161 1179/1179 1178/1178
f 1162/1162 1163/1163 1180/1180
f 1162/1162 1180/1180 1179/1179
f 1163/1163 1164/1164 1181/1181
f 1163/1163 1181/1181 1180/1180
f 1164/1164 1165/1165 1182/1182
f 1164/1164 1182/1182 1181/1181
f 1165/1165 1166/1166 1183/1183
f 1165/1165 1183/1183 1182/1182
f 1166/1166 1167/1167 1184/1184
f 1166/1166 1184/1184 1183/1183
f 1167/1167 1168/1168 1185/1185
f 1167/1167 1185/1185 1184/1184
f 1168/1168 1169/1169 1186/1186
f 1168/1168 1186/1186 1185/1185
f 1170/1170 1171/1171 1188/1188
f 1170/1170 1188/1188 1187/1187
f 1171/1171 1172/1172 1189/1189
f 1171/1171 1189/1189 1188/1188
f 1172/1172 1173/1173 1190/1190
f 1172/1172 1190/1190 1189/1189
f 1173/1173 1174/1174 1191/1191
f 1173/1173 1191/1191 1190/1190
f 1174/1174 1175/1175 1192/1192
f 1174/1174 1192/1192 1191/1191
f 1175/1175 1176/1176 1193/1193
f 1175/1175 1193/1193 1192/1192
f 1176/1176 1177/1177 1194/1194
f 1176/1176 1194/1194 1193/1193
f 1177/1177 1178/1178 1195/1195
f 1177/1177 1195/1195 1194/1194
f 1178/1178 1179/1179 1196/1196
f 1178/1178 1196/1196 1195/1195
f 1179/1179 1180/1180 1197/1197
f 1179/1179 1197/1197 1196/1196
f 1180/1180 1181/1181 1198/1198
f 1180/1180 1198/1198 1197/1197
f 1181/1181 1182/1182 1199/1199
f 1181/1181 1199/1199 1198/1198
f 1182/1182 1183/1183 1200/1200
f 1182/1182 1200/1200 1199/1199
f 1183/1183 1184/1184 1201/1201
f 1183/1183 1201/1201 1200/1200
f 1184/1184 1185/1185 1202/1202
f 1184/1184 1202/1202 1201/1201
f 1185/1185 1186/1186 1203/1203
f 1185/1185 1203/1203 1202/1202
f 1187/1187 1188/1188 1205/1205
f 1187/1187 1205/1205 1204/1204
f 1188/1188 1189/1189 1206/1206
f 1188/1188 1206/1206 1205/1205
f 1189/1189 1190/1190 1207/1207
f 1189/1189 1207/1207 1206/1206
f 1190/1190 1191/1191 1208/1208
f 1190/1190 1208/1208 1207/1207
f 1191/1191 1192/1192 1209/1209
f 1191/1191 1209/1209 1208/1208
f 1192/1192 1193/1193 1210/1210
f 1192/1192 1210/1210 1209/1209
f 1193/1193 1194/1194 1211/1211
f 1193/1193 1211/1211 1210/1210
f 1194/1194 1195/1195 1212/1212
f 1194/1194 1212/1212 1211/1211
f 1195/1195 1196/1196 1213/1213
f 1195/1195 1213/1213 1212/1212
f 1196/1196 1197/1197 1214/1214
f 1196/1196 1214/1214 1213/1213
f 1197/1197 1198/1198 1215/1215
f 1197/1197 1215/1215 1214/1214
f 1198/1198 1199/1199 1216/1216
f 1198/1198 1216/1216 1215/1215
f 1199/1199 1200/1200 1217/1217
f 1199/1199 1217/1217 1216/1216
f 1200/1200 1201/1201 1218/1218
f 1200/1200 1218/1218 1217/1217
f 1201/1201 1202/1202 1219/1219
f 1201/1201 1219/1219 1218/1218
f 1202/1202 1203/1203 1220/1220
f 1202/1202 1220/1220 1219/1219
f 1204/1204 1205/1205 1222/1222
f 1204/1204 1222/1222 1221/1221
f 1205/1205 1206/1206 1223/1223
f 1205/1205 1223/1223 1222/1222
f 1206/1206 1207/1207 1224/1224
f 1206/1206 1224/1224 1223/1223
f 1207/1207 1208/1208 1225/1225
f 1207/1207 1225/1225 1224/1224
f 1208/1208 1209/1209 1226/1226
f 1208/1208 1226/1226 1225/1225
f 1209/1209 1210/1210 1227/1227
f 1209/1209 1227/1227 1226/1226
f 1210/1210 1211/1211 1228/1228
f 1210/1210 1228/1228 1227/1227
f 1211/1211 1212/1212 1229/1229
f 1211/1211 1229/1229 1228/1228
f 1212/1212 1213/1213 1230/1230
f 1212/1212 1230/1230 1229/1229
f 1213/1213 1214/1214 1231/1231
f 1213/1213 1231/1231 1230/1230
f 1214/1214 1215/1215 1232/1232
f 1214/1214 1232/1232 1231/1231
f 1215/1215 1216/1216 1233/1233
f 1215/1215 1233/1233 1232/1232
f 1216/1216 1217/1217 1234/1234
f 1216/1216 1234/1234 1233/1233
f 1217/1217 1218/1218 1235/1235
f 1217/1217 1235/1235 1234/1234
f 1218/1218 1219/1219 1236/1236
f 1218/1218 1236/1236 1235/1235
f 1219/1219 1220/1220 1237/1237
f 1219/1219 1237/1237 1236/1236
f 1221/1221 1222/1222 1239/1239
f 1221/1221 1239/1239 1238/1238
f 1222/1222 1223/1223 1240/1240
f 1222/1222 1240/1240 1239/1239
f 1223/1223 1224/1224 1241/1241
f 1223/1223 1241/1241 1240/1240
f 1224/1224 1225/1225 1242/1242
f 1224/1224 1242/1242 1241/1241
f 1225/1225 1226/1226 1243/1243
f 1225/1225 1243/1243 1242/1242
f 1226/1226 1227/1227 1244/1244
f 1226/1226 1244/1244 1243/1243
f 1227/1227 1228/1228 1245/1245
f 1227/1227 1245/1245 1244/1244
f 1228/1228 1229/1229 1246/1246
f 1228/1228 1246/1246 1245/1245
f 1229/1229 1230/1230 1247/1247
f 1229/1229 1247/1247 1246/1246
f 1230/1230 1231/1231 1248/1248
f 1230/1230 1248/1248 1247/1247
f 1231/1231 1232/1232 1249/1249
f 1231/1231 1249/1249 1248/1248
f 1232/1232 1233/1233 1250/1250
f 1232/1232 1250/1250 1249/1249
f 1233/1233 1234/1234 1251/1251
f 1233/1233 1251/1251 1250/1250
f 1234/1234 1235/1235 1252/1252
f 1234/1234 1252/1252 1251/1251
f 1235/1235 1236/1236 1253/1253
f 1235/1235 1253/1253 1252/1252
f 1236/1236 1237/1237 1254/1254
f 1236/1236 1254/1254 1253/1253
f 1238/1238 1239/1239 1256/1256
f 1238/1238 1256/1256 1255/1255
f 1239/1239 1240/1240 1257/1257
f 1239/1239 1257/1257 1256/1256
f 1240/1240 1241/1241 1258/1258
f 1240/1240 1258/1258 1257/1257
f 1241/1241 1242/1242 1259/1259
f 1241/1241 1259/1259 1258/1258
f 1242/1242 1243/1243 1260/1260
f 1242/1242 1260/1260 1259/1259
f 1243/1243 1244/1244 1261/1261
f 1243/1243 1261/1261 1260/1260
f 1244/1244 1245/1245 1262/1262
f 1244/1244 1262/1262 1261/1261
f 1245/1245 1246/1246 1263/1263
f 1245/1245 1263/1263 1262/1262
f 1246/1246 1247/1247 1264/1264
f 1246/1246 1264/1264 1263/1263
f 1247/1247 1248/1248 1265/1265
f 1247/1247 1265/1265 1264/1264
f 1248/1248 1249/1249 1266/1266
f 1248/1248 1266/1266 1265/1265
f 1249/1249 1250/1250 1267/1267
f 1249/1249 1267/1267 1266/1266
f 1250/1250 1251/1251 1268/1268
f 1250/1250 1268/1268 1267/1267
f 1251/1251 1252/1252 1269/1269
f 1251/1251 1269/1269 1268/1268
f 1252/1252 1253/1253 1270/1270
f 1252/1252 1270/1270 1269/1269
f 1253/1253 1254/1254 1271/1271
f 1253/1253 1271/1271 1270/1270
f 1255/1255 1256/1256 1273/1273
f 1255/1255 1273/1273 1272/1272
f 1256/1256 1257/1257 1274/1274
f 1256/1256 1274/1274 1273/1273
f 1257/1257 1258/1258 1275/1275
f 1257/1257 1275/1275 1274/1274
f 1258/1258 1259/1259 1276/1276
f 1258/1258 1276/1276 1275/1275
f 1259/1259 1260/1260 1277/1277
f 1259/1259 1277/1277 1276/1276
f 1260/1260 1261/1261 1278/1278
f 1260/1260 1278/1278 1277/1277
f 1261/1261 1262/1262 1279/1279
f 1261/1261 1279/1279 1278/1278
f 1262/1262 1263/1263 1280/1280
f 1262/1262 1280/1280 1279/1279
f 1263/1263 1264/1264 1281/1281
f 1263/1263 1281/1281 1280/1280
f 1264/1264 1265/1265 1282/1282
f 1264/1264 1282/1282 1281/1281
f 1265/1265 1266/1266 1283/1283
f 1265/1265 1283/1283 1282/1282
f 1266/1266 1267/1267 1284/1284
f 1266/1266 1284/1284 1283/1283
f 1267/1267 1268/1268 1285/1285
f 1267/1267 1285/1285 1284/1284
f 1268/1268 1269/1269 1286/1286
f 1268/1268 1286/1286 1285/1285
f 1269/1269 1270/1270 1287/1287
f 1269/1269 1287/1287 1286/1286
f 1270/1270 1271/1271 1288/1288
f 1270/1270 1288/1288 1287/1287
f 1272/1272 1273/1273 1290/1290
f 1273/1273 1274/1274 1291/1291
f 1274/1274 1275/1275 1292/1292
f 1275/1275 1276/1276 1293/1293
f 1276/1276 1277/1277 1294/1294
f 1277/1277 1278/1278 1295/1295
f 1278/1278 1279/1279 1296/1296
f 1279/1279 1280/1280 1297/1297
f 1280/1280 1281/1281 1298/1298
f 1281/1281 1282/1282 1299/1299
f 1282/1282 1283/1283 1300/1300
f 1283/1283 1284/1284 1301/1301
f 1284/1284 1285/1285 1302/1302
f 1285/1285 1286/1286 1303/1303
f 1286/1286 1287/1287 1304/1304
f 1287/1287 1288/1288 1305/1305
f 1306/1306 1307/1307 1317/1317
f 1306/1306 1317/1317 1316/1316
f 1307/1307 1308/1308 1318/1318
f 1307/1307 1318/1318 1317/1317
f 1308/1308 1309/1309 1319/1319
f 1308/1308 1319/1319 1318/1318
f 1309/1309 1310/1310 1320/1320
f 1309/1309 1320/1320 1319/1319
f 1310/1310 1311/1311 1321/1321
f 1310/1310 1321/1321 1320/1320
f 1311/1311 1312/1312 1322/1322
f 1311/1311 1322/1322 1321/1321
f 1312/1312 1313/1313 1323/1323
f 1312/1312 1323/1323 1322/1322
f 1313/1313 1314/1314 1324/1324
f 1313/1313 1324/1324 1323/1323
f 1314/1314 1315/1315 1325/1325
f 1314/1314 1325/1325 1324/1324
f 1315/1315 1306/1306 1316/1316
f 1315/1315 1316/1316 1325/1325
f 1326/1326 1307/1307 1306/1306
f 1326/1326 1308/1308 1307/1307
f 1326/1326 1309/1309 1308/1308
f 1326/1326 1310/1310 1309/1309
f 1326/1326 1311/1311 1310/1310
f 1326/1326 1312/1312 1311/1311
f 1326/1326 1313/1313 1312/1312
f 1326/1326 1314/1314 1313/1313
f 1326/1326 1315/1315 1314/1314
f 1326/1326 1306/1306 1315/1315
f 1327/1327 1316/1316 1317/1317
f 1327/1327 1317/1317 1318/1318
f 1327/1327 1318/1318 1319/1319
f 1327/1327 1319/1319 1320/1320
f 1327/1327 1320/1320 1321/1321
f 1327/1327 1321/1321 1322/1322
f 1327/1327 1322/1322 1323/1323
f 1327/1327 1323/1323 1324/1324
f 1327/1327 1324/1324 1325/1325
f 1327/1327 1325/1325 1316/1316
f 1328/1328 1329/1329 1339/1339
f 1328/1328 1339/1339 1338/1338
f 1329/1329 1330/1330 1340/1340
f 1329/1329 1340/1340 1339/1339
f 1330/1330 1331/1331 1341/1341
f 1330/1330 1341/1341 1340/1340
f 1331/1331 1332/1332 1342/1342
f 1331/1331 1342/1342 1341/1341
f 1332/1332 1333/1333 1343/1343
f 1332/1332 1343/1343 1342/1342
f 1333/1333 1334/1334 1344/1344
f 1333/1333 1344/1344 1343/1343
f 1334/1334 1335/1335 1345/1345
f 1334/1334 1345/1345 1344/1344
f 1335/1335 1336/1336 1346/1346
f 1335/1335 1346/1346 1345/1345
f 1336/1336 1337/1337 1347/1347
f 1336/1336 1347/1347 1346/1346
f 1337/1337 1328/1328 1338/1338
f 1337/1337 1338/1338 1347/1347
f 1348/1348 1329/1329 1328/1328
f 1348/1348 1330/1330 1329/1329
f 1348/1348 1331/1331 1330/1330
f 1348/1348 1332/1332 1331/1331
f 1348/1348 1333/1333 1332/1332
f 1348/1348 1334/1334 1333/1333
f 1348/1348 1335/1335 1334/1334
f 1348/1348 1336/1336 1335/1335
f 1348/1348 1337/1337 1336/1336
f 1348/1348 1328/1328 1337/1337
f 1349/1349 1338/1338 1339/1339
f 1349/1349 1339/1339 1340/1340
f 1349/1349 1340/1340 1341/1341
f 1349/1349 1341/1341 1342/1342
f 1349/1349 1342/1342 1343/1343
f 1349/1349 1343/1343 1344/1344
f 1349/1349 1344/1344 1345/1345
f 1349/1349 1345/1345 1346/1346
f 1349/1349 1346/1346 1347/1347
f 1349/1349 1347/1347 1338/1338
f 1350/1350 1360/1360 1359/1359
f 1351/1351 1361/1361 1360/1360
f 1352/1352 1362/1362 1361/1361
f 1353/1353 1363/1363 1362/1362
f 1354/1354 1364/1364 1363/1363
f 1355/1355 1365/1365 1364/1364
f 1356/1356 1366/1366 1365/1365
f 1357/1357 1367/1367 1366/1366
f 1359/1359 1360/1360 1369/1369
f 1359/1359 1369/1369 1368/1368
f 1360/1360 1361/1361 1370/1370
f 1360/1360 1370/1370 1369/1369
f 1361/1361 1362/1362 1371/1371
f 1361/1361 1371/1371 1370/1370
f 1362/1362 1363/1363 1372/1372
f 1362/1362 1372/1372 1371/1371
f 1363/1363 1364/1364 1373/1373
f 1363/1363 1373/1373 1372/1372
f 1364/1364 1365/1365 1374/1374
f 1364/1364 1374/1374 1373/1373
f 1365/1365 1366/1366 1375/1375
f 1365/1365 1375/1375 1374/1374
f 1366/1366 1367/1367 1376/1376
f 1366/1366 1376/1376 1375/1375
f 1368/1368 1369/1369 1378/1378
f 1368/1368 1378/1378 1377/1377
f 1369/1369 1370/1370 1379/1379
f 1369/1369 1379/1379 1378/1378
f 1370/1370 1371/1371 1380/1380
f 1370/1370 1380/1380 1379/1379
f 1371/1371 1372/1372 1381/1381
f 1371/1371 1381/1381 1380/1380
f 1372/1372 1373/1373 1382/1382
f 1372/1372 1382/1382 1381/1381
f 1373/1373 1374/1374 1383/1383
f 1373/1373 1383/1383 1382/1382
f 1374/1374 1375/1375 1384/1384
f 1374/1374 1384/1384 1383/1383
f 1375/1375 1376/1376 1385/1385
f 1375/1375 1385/1385 1384/1384
f 1377/1377 1378/1378 1387/1387
f 1377/1377 1387/1387 1386/1386
f 1378/1378 1379/1379 1388/1388
f 1378/1378 1388/1388 1387/1387
f 1379/1379 1380/1380 1389/1389
f 1379/1379 1389/1389 1388/1388
f 1380/1380 1381/1381 1390/1390
f 1380/1380 1390/1390 1389/1389
f 1381/1381 1382/1382 1391/1391
f 1381/1381 1391/1391 1390/1390
f 1382/1382 1383/1383 1392/1392
f 1382/1382 1392/1392 1391/1391
f 1383/1383 1384/1384 1393/1393
f 1383/1383 1393/1393 1392/1392
f 1384/1384 1385/1385 1394/1394
f 1384/1384 1394/1394 1393/1393
f 1386/1386 1387/1387 1396/1396
f 1386/1386 1396/1396 1395/1395
f 1387/1387 1388/1388 1397/1397
f 1387/1387 1397/1397 1396/1396
f 1388/1388 1389/1389 1398/1398
f 1388/1388 1398/1398 1397/1397
f 1389/1389 1390/1390 1399/1399
f 1389/1389 1399/1399 1398/1398
f 1390/1390 1391/1391 1400/1400
f 1390/1390 1400/1400 1399/1399
f 1391/1391 1392/1392 1401/1401
f 1391/1391 1401/1401 1400/1400
f 1392/1392 1393/1393 1402/1402
f 1392/1392 1402/1402 1401/1401
f 1393/1393 1394/1394 1403/1403
f 1393/1393 1403/1403 1402/1402
f 1395/1395 1396/1396 1405/1405
f 1396/1396 1397/1397 1406/1406
f 1397/1397 1398/1398 1407/1407
f 1398/1398 1399/1399 1408/1408
f 1399/1399 1400/1400 1409/1409
f 1400/1400 1401/1401 1410/1410
f 1401/1401 1402/1402 1411/1411
f 1402/1402 1403/1403 1412/1412
f 1413/1413 1423/1423 1422/1422
f 1414/1414 1424/1424 1423/1423
f 1415/1415 1425/1425 1424/1424
f 1416/1416 1426/1426 1425/1425
f 1417/1417 1427/1427 1426/1426
f 1418/1418 1428/1428 1427/1427
f 1419/1419 1429/1429 1428/1428
f 1420/1420 1430/1430 1429/1429
f 1422/1422 1423/1423 1432/1432
f 1422/1422 1432/1432 1431/1431
f 1423/1423 1424/1424 1433/1433
f 1423/1423 1433/1433 1432/1432
f 1424/1424 1425/1425 1434/1434
f 1424/1424 1434/1434 1433/1433
f 1425/1425 1426/1426 1435/1435
f 1425/1425 1435/1435 1434/1434
f 1426/1426 1427/1427 1436/1436
f 1426/1426 1436/1436 1435/1435
f 1427/1427 1428/1428 1437/1437
f 1427/1427 1437/1437 1436/1436
f 1428/1428 1429/1429 1438/1438
f 1428/1428 1438/1438 1437/1437
f 1429/1429 1430/1430 1439/1439
f 1429/1429 1439/1439 1438/1438
f 1431/1431 1432/1432 1441/1441
f 1431/1431 1441/1441 1440/1440
f 1432/1432 1433/1433 1442/1442
f 1432/1432 1442/1442 1441/1441
f 1433/1433 1434/1434 1443/1443
f 1433/1433 1443/1443 1442/1442
f 1434/1434 1435/1435 1444/1444
f 1434/1434 1444/1444 1443/1443
f 1435/1435 1436/1436 1445/1445
f 1435/1435 1445/1445 1444/1444
f 1436/1436 1437/1437 1446/1446
f 1436/1436 1446/1446 1445/1445
f 1437/1437 1438/1438 1447/1447
f 1437/1437 1447/1447 1446/1446
f 1438/1438 1439/1439 1448/1448
f 1438/1438 1448/1448 1447/1447
f 1440/1440 1441/1441 1450/1450
f 1440/1440 1450/1450 1449/1449
f 1441/1441 1442/1442 1451/1451
f 1441/1441 1451/1451 1450/1450
f 1442/1442 1443/1443 1452/1452
f 1442/1442 1452/1452 1451/1451
f 1443/1443 1444/1444 1453/1453
f 1443/1443 1453/1453 1452/1452
f 1444/1444 1445/1445 1454/1454
f 1444/1444 1454/1454 1453/1453
f 1445/1445 1446/1446 1455/1455
f 1445/1445 1455/1455 1454/1454
f 1446/1446 1447/1447 1456/1456
f 1446/1446 1456/1456 1455/1455
f 1447/1447 1448/1448 1457/1457
f 1447/1447 1457/1457 1456/1456
f 1449/1449 1450/1450 1459/1459
f 1449/1449 1459/1459 1458/1458
f 1450/1450 1451/1451 1460/1460
f 1450/1450 1460/1460 1459/1459
f 1451/1451 1452/1452 1461/1461
f 1451/1451 1461/1461 1460/1460
f 1452/1452 1453/1453 1462/1462
f 1452/1452 1462/1462 1461/1461
f 1453/1453 1454/1454 1463/1463
f 1453/1453 1463/1463 1462/1462
f 1454/1454 1455/1455 1464/1464
f 1454/1454 1464/1464 1463/1463
f 1455/1455 1456/1456 1465/1465
f 1455/1455 1465/1465 1464/1464
f 1456/1456 1457/1457 1466/1466
f 1456/1456 1466/1466 1465/1465
f 1458/1458 1459/1459 1468/1468
f 1459/1459 1460/1460 1469/1469
f 1460/1460 1461/1461 1470/1470
f 1461/1461 1462/1462 1471/1471
f 1462/1462 1463/1463 1472/1472
f 1463/1463 1464/1464 1473/1473
f 1464/1464 1465/1465 1474/1474
f 1465/1465 1466/1466 1475/1475
f 1476/1476 1486/1486 1485/1485
f 1477/1477 1487/1487 1486/1486
f 1478/1478 1488/1488 1487/1487
f 1479/1479 1489/1489 1488/1488
f 1480/1480 1490/1490 1489/1489
f 1481/1481 1491/1491 1490/1490
f 1482/1482 1492/1492 1491/1491
f 1483/1483 1493/1493 1492/1492
f 1485/1485 1486/1486 1495/1495
f 1485/1485 1495/1495 1494/1494
f 1486/1486 1487/1487 1496/1496
f 1486/1486 1496/1496 1495/1495
f 1487/1487 1488/1488 1497/1497
f 1487/1487 1497/1497 1496/1496
f 1488/1488 1489/1489 1498/1498
f 1488/1488 1498/1498 1497/1497
f 1489/1489 1490/1490 1499/1499
f 1489/1489 1499/1499 1498/1498
f 1490/1490 1491/1491 1500/1500
f 1490/1490 1500/1500 1499/1499
f 1491/1491 1492/1492 1501/1501
f 1491/1491 1501/1501 1500/1500
f 1492/1492 1493/1493 1502/1502
f 1492/1492 1502/1502 1501/1501
f 1494/1494 1495/1495 1504/1504
f 1494/1494 1504/1504 1503/1503
f 1495/1495 1496/1496 1505/1505
f 1495/1495 1505/1505 1504/1504
f 1496/1496 1497/1497 1506/1506
f 1496/1496 1506/1506 1505/1505
f 1497/1497 1498/1498 1507/1507
f 1497/1497 1507/1507 1506/1506
f 1498/1498 1499/1499 1508/1508
f 1498/1498 1508/1508 1507/1507
f 1499/1499 1500/1500 1509/1509
f 1499/1499 1509/1509 1508/1508
f 1500/1500 1501/1501 1510/1510
f 1500/1500 1510/1510 1509/1509
f 1501/1501 1502/1502 1511/1511
f 1501/1501 1511/1511 1510/1510
f 1503/1503 1504/1504 1513/1513
f 1503/1503 1513/1513 1512/1512
f 1504/1504 1505/1505 1514/1514
f 1504/1504 1514/1514 1513/1513
f 1505/1505 1506/1506 1515/1515
f 1505/1505 1515/1515 1514/1514
f 1506/1506 1507/1507 1516/1516
f 1506/1506 1516/1516 1515/1515
f 1507/1507 1508/1508 1517/1517
f 1507/1507 1517/1517 1516/1516
f 1508/1508 1509/1509 1518/1518
f 1508/1508 1518/1518 1517/1517
f 1509/1509 1510/1510 1519/1519
f 1509/1509 1519/1519 1518/1518
f 1510/1510 1511/1511 1520/1520
f 1510/1510 1520/1520 1519/1519
f 1512/1512 1513/1513 1522/1522
f 1512/1512 1522/1522 1521/1521
f 1513/1513 1514/1514 1523/1523
f 1513/1513 1523/1523 1522/1522
f 1514/1514 1515/1515 1524/1524
f 1514/1514 1524/1524 1523/1523
f 1515/1515 1516/1516 1525/1525
f 1515/1515 1525/1525 1524/1524
f 1516/1516 1517/1517 1526/1526
f 1516/1516 1526/1526 1525/1525
f 1517/1517 1518/1518 1527/1527
f 1517/1517 1527/1527 1526/1526
f 1518/1518 1519/1519 1528/1528
f 1518/1518 1528/1528 1527/1527
f 1519/1519 1520/1520 1529/1529
f 1519/1519 1529/1529 1528/1528
f 1521/1521 1522/1522 1531/1531
f 1522/1522 1523/1523 1532/1532
f 1523/1523 1524/1524 1533/1533
f 1524/1524 1525/1525 1534/1534
f 1525/1525 1526/1526 1535/1535
f 1526/1526 1527/1527 1536/1536
f 1527/1527 1528/1528 1537/1537
f 1528/1528 1529/1529 1538/1538
f 1539/1539 1540/1540 1550/1550
f 1539/1539 1550/1550 1549/1549
f 1540/1540 1541/1541 1551/1551
f 1540/1540 1551/1551 1550/1550
f 1541/1541 1542/1542 1552/1552
f 1541/1541 1552/1552 1551/1551
f 1542/1542 1543/1543 1553/1553
f 1542/1542 1553/1553 1552/1552
f 1543/1543 1544/1544 1554/1554
f 1543/1543 1554/1554 1553/1553
f 1544/1544 1545/1545 1555/1555
f 1544/1544 1555/1555 1554/1554
f 1545/1545 1546/1546 1556/1556
f 1545/1545 1556/1556 1555/1555
f 1546/1546 1547/1547 1557/1557
f 1546/1546 1557/1557 1556/1556
f 1547/1547 1548/1548 1558/1558
f 1547/1547 1558/1558 1557/1557
f 1548/1548 1539/1539 1549/1549
f 1548/1548 1549/1549 1558/1558
f 1559/1559 1540/1540 1539/1539
f 1559/1559 1541/1541 1540/1540
f 1559/1559 1542/1542 1541/1541
f 1559/1559 1543/1543 1542/1542
f 1559/1559 1544/1544 1543/1543
f 1559/1559 1545/1545 1544/1544
f 1559/1559 1546/1546 1545/1545
f 1559/1559 1547/1547 1546/1546
f 1559/1559 1548/1548 1547/1547
f 1559/1559 1539/1539 1548/1548
f 1560/1560 1549/1549 1550/1550
f 1560/1560 1550/1550 1551/1551
f 1560/1560 1551/1551 1552/1552
f 1560/1560 1552/1552 1553/1553
f 1560/1560 1553/1553 1554/1554
f 1560/1560 1554/1554 1555/1555
f 1560/1560 1555/1555 1556/1556
f 1560/1560 1556/1556 1557/1557
f 1560/1560 1557/1557 1558/1558
f 1560/1560 1558/1558 1549/1549
f 1561/1561 1562/1562 1572/1572
f 1561/1561 1572/1572 1571/1571
f 1562/1562 1563/1563 1573/1573
f 1562/1562 1573/1573 1572/1572
f 1563/1563 1564/1564 1574/1574
f 1563/1563 1574/1574 1573/1573
f 1564/1564 1565/1565 1575/1575
f 1564/1564 1575/1575 1574/1574
f 1565/1565 1566/1566 1576/1576
f 1565/1565 1576/1576 1575/1575
f 1566/1566 1567/1567 1577/1577
f 1566/1566 1577/1577 1576/1576
f 1567/1567 1568/1568 1578/1578
f 1567/1567 1578/1578 1577/1577
f 1568/1568 1569/1569 1579/1579
f 1568/1568 1579/1579 1578/1578
f 1569/1569 1570/1570 1580/1580
f 1569/1569 1580/1580 1579/1579
f 1570/1570 1561/1561 1571/1571
f 1570/1570 1571/1571 1580/1580
f 1581/1581 1562/1562 1561/1561
f 1581/1581 1563/1563 1562/1562
f 1581/1581 1564/1564 1563/1563
f 1581/1581 1565/1565 1564/1564
f 1581/1581 1566/1566 1565/1565
f 1581/1581 1567/1567 1566/1566
f 1581/1581 1568/1568 1567/1567
f 1581/1581 1569/1569 1568/1568
f 1581/1581 1570/1570 1569/1569
f 1581/1581 1561/1561 1570/1570
f 1582/1582 1571/1571 1572/1572
f 1582/1582 1572/1572 1573/1573
f 1582/1582 1573/1573 1574/1574
f 1582/1582 1574/1574 1575/1575
f 1582/1582 1575/1575 1576/1576
f 1582/1582 1576/1576 1577/1577
f 1582/1582 1577/1577 1578/1578
f 1582/1582 1578/1578 1579/1579
f 1582/1582 1579/1579 1580/1580
f 1582/1582 1580/1580 1571/1571
f 1583/1583 1593/1593 1592/1592
f 1584/1584 1594/1594 1593/1593
f 1585/1585 1595/1595 1594/1594
f 1586/1586 1596/1596 1595/1595
f 1587/1587 1597/1597 1596/1596
f 1588/1588 1598/1598 1597/1597
f 1589/1589 1599/1599 1598/1598
f 1590/1590 1600/1600 1599/1599
f 1592/1592 1593/1593 1602/1602
f 1592/1592 1602/1602 1601/1601
f 1593/1593 1594/1594 1603/1603
f 1593/1593 1603/1603 1602/1602
f 1594/1594 1595/1595 1604/1604
f 1594/1594 1604/1604 1603/1603
f 1595/1595 1596/1596 1605/1605
f 1595/1595 1605/1605 1604/1604
f 1596/1596 1597/1597 1606/1606
f 1596/1596 1606/1606 1605/1605
f 1597/1597 1598/1598 1607/1607
f 1597/1597 1607/1607 1606/1606
f 1598/1598 1599/1599 1608/1608
f 1598/1598 1608/1608 1607/1607
f 1599/1599 1600/1600 1609/1609
f 1599/1599 1609/1609 1608/1608
f 1601/1601 1602/1602 1611/1611
f 1601/1601 1611/1611 1610/1610
f 1602/1602 1603/1603 1612/1612
f 1602/1602 1612/1612 1611/1611
f 1603/1603 1604/1604 1613/1613
f 1603/1603 1613/1613 1612/1612
f 1604/1604 1605/1605 1614/1614
f 1604/1604 1614/1614 1613/1613
f 1605/1605 1606/1606 1615/1615
f 1605/1605 1615/1615 1614/1614
f 1606/1606 1607/1607 1616/1616
f 1606/1606 1616/1616 1615/1615
f 1607/1607 1608/1608 1617/1617
f 1607/1607 1617/1617 1616/1616
f 1608/1608 1609/1609 1618/1618
f 1608/1608 1618/1618 1617/1617
f 1610/1610 1611/1611 1620/1620
f 1610/1610 1620/1620 1619/1619
f 1611/1611 1612/1612 1621/1621
f 1611/1611 1621/1621 1620/1620
f 1612/1612 1613/1613 1622/1622
f 1612/1612 1622/1622 1621/1621
f 1613/1613 1614/1614 1623/1623
f 1613/1613 1623/1623 1622/1622
f 1614/1614 1615/1615 1624/1624
f 1614/1614 1624/1624 1623/1623
f 1615/1615 1616/1616 1625/1625
f 1615/1615 1625/1625 1624/1624
f 1616/1616 1617/1617 1626/1626
f 1616/1616 1626/1626 1625/1625
f 1617/1617 1618/1618 1627/1627
f 1617/1617 1627/1627 1626/1626
f 1619/1619 1620/1620 1629/1629
f 1619/1619 1629/1629 1628/1628
f 1620/1620 1621/1621 1630/1630
f 1620/1620 1630/1630 1629/1629
f 1621/1621 1622/1622 1631/1631
f 1621/1621 1631/1631 1630/1630
f 1622/1622 1623/1623 1632/1632
f 1622/1622 1632/1632 1631/1631
f 1623/1623 1624/1624 1633/1633
f 1623/1623 1633/1633 1632/1632
f 1624/1624 1625/1625 1634/1634
f 1624/1624 1634/1634 1633/1633
f 1625/1625 1626/1626 1635/1635
f 1625/1625 1635/1635 1634/1634
f 1626/1626 1627/1627 1636/1636
f 1626/1626 1636/1636 1635/1635
f 1628/1628 1629/1629 1638/1638
f 1629/1629 1630/1630 1639/1639
f 1630/1630 1631/1631 1640/1640
f 1631/1631 1632/1632 1641/1641
f 1632/1632 1633/1633 1642/1642
f 1633/1633 1634/1634 1643/1643
f 1634/1634 1635/1635 1644/1644
f 1635/1635 1636/1636 1645/1645
f 1646/1646 1656/1656 1655/1655
f 1647/1647 1657/1657 1656/1656
f 1648/1648 1658/1658 1657/1657
f 1649/1649 1659/1659 1658/1658
f 1650/1650 1660/1660 1659/1659
f 1651/1651 1661/1661 1660/1660
f 1652/1652 1662/1662 1661/1661
f 1653/1653 1663/1663 1662/1662
f 1655/1655 1656/1656 1665/1665
f 1655/1655 1665/1665 1664/1664
f 1656/1656 1657/1657 1666/1666
f 1656/1656 1666/1666 1665/1665
f 1657/1657 1658/1658 1667/1667
f 1657/1657 1667/1667 1666/1666
f 1658/1658 1659/1659 1668/1668
f 1658/1658 1668/1668 1667/1667
f 1659/1659 1660/1660 1669/1669
f 1659/1659 1669/1669 1668/1668
f 1660/1660 1661/1661 1670/1670
f 1660/1660 1670/1670 1669/1669
f 1661/1661 1662/1662 1671/1671
f 1661/1661 1671/1671 1670/1670
f 1662/1662 1663/1663 1672/1672
f 1662/1662 1672/1672 1671/1671
f 1664/1664 1665/1665 1674/1674
f 1664/1664 1674/1674 1673/1673
f 1665/1665 1666/1666 1675/1675
f 1665/1665 1675/1675 1674/1674
f 1666/1666 1667/1667 1676/1676
f 1666/1666 1676/1676 1675/1675
f 1667/1667 1668/1668 1677/1677
f 1667/1667 1677/1677 1676/1676
f 1668/1668 1669/1669 1678/1678
f 1668/1668 1678/1678 1677/1677
f 1669/1669 1670/1670 1679/1679
f 1669/1669 1679/1679 1678/1678
f 1670/1670 1671/1671 1680/1680
f 1670/1670 1680/1680 1679/1679
f 1671/1671 1672/1672 1681/1681
f 1671/1671 1681/1681 1680/1680
f 1673/1673 1674/1674 1683/1683
f 1673/1673 1683/1683 1682/1682
f 1674/1674 1675/1675 1684/1684
f 1674/1674 1684/1684 1683/1683
f 1675/1675 1676/1676 1685/1685
f 1675/1675 1685/1685 1684/1684
f 1676/1676 1677/1677 1686/1686
f 1676/1676 1686/1686 1685/1685
f 1677/1677 1678/1678 1687/1687
f 1677/1677 1687/1687 1686/1686
f 1678/1678 1679/1679 1688/1688
f 1678/1678 1688/1688 1687/1687
f 1679/1679 1680/1680 1689/1689
f 1679/1679 1689/1689 1688/1688
f 1680/1680 1681/1681 1690/1690
f 1680/1680 1690/1690 1689/1689
f 1682/1682 1683/1683 1692/1692
f 1682/1682 1692/1692 1691/1691
f 1683/1683 1684/1684 1693/1693
f 1683/1683 1693/1693 1692/1692
f 1684/1684 1685/1685 1694/1694
f 1684/1684 1694/1694 1693/1693
f 1685/1685 1686/1686 1695/1695
f 1685/1685 1695/1695 1694/1694
f 1686/1686 1687/1687 1696/1696
f 1686/1686 1696/1696 1695/1695
f 1687/1687 1688/1688 1697/1697
f 1687/1687 1697/1697 1696/1696
f 1688/1688 1689/1689 1698/1698
f 1688/1688 1698/1698 1697/1697
f 1689/1689 1690/1690 1699/1699
f 1689/1689 1699/1699 1698/1698
f 1691/1691 1692/1692 1701/1701
f 1692/1692 1693/1693 1702/1702
f 1693/1693 1694/1694 1703/1703
f 1694/1694 1695/1695 1704/1704
f 1695/1695 1696/1696 1705/1705
f 1696/1696 1697/1697 1706/1706
f 1697/1697 1698/1698 1707/1707
f 1698/1698 1699/1699 1708/1708
f 1709/1709 1719/1719 1718/1718
f 1710/1710 1720/1720 1719/1719
f 1711/1711 1721/1721 1720/1720
f 1712/1712 1722/1722 1721/1721
f 1713/1713 1723/1723 1722/1722
f 1714/1714 1724/1724 1723/1723
f 1715/1715 1725/1725 1724/1724
f 1716/1716 1726/1726 1725/1725
f 1718/1718 1719/1719 1728/1728
f 1718/1718 1728/1728 1727/1727
f 1719/1719 1720/1720 1729/1729
f 1719/1719 1729/1729 1728/1728
f 1720/1720 1721/1721 1730/1730
f 1720/1720 1730/1730 1729/1729
f 1721/1721 1722/1722 1731/1731
f 1721/1721 1731/1731 1730/1730
f 1722/1722 1723/1723 1732/1732
f 1722/1722 1732/1732 1731/1731
f 1723/1723 1724/1724 1733/1733
f 1723/1723 1733/1733 1732/1732
f 1724/1724 1725/1725 1734/1734
f 1724/1724 1734/1734 1733/1733
f 1725/1725 1726/1726 1735/1735
f 1725/1725 1735/1735 1734/1734
f 1727/1727 1728/1728 1737/1737
f 1727/1727 1737/1737 1736/1736
f 1728/1728 1729/1729 1738/1738
f 1728/1728 1738/1738 1737/1737
f 1729/1729 1730/1730 1739/1739
f 1729/1729 1739/1739 1738/1738
f 1730/1730 1731/1731 1740/1740
f 1730/1730 1740/1740 1739/1739
f 1731/1731 1732/1732 1741/1741
f 1731/1731 1741/1741 1740/1740
f 1732/1732 1733/1733 1742/1742
f 1732/1732 1742/1742 1741/1741
f 1733/1733 1734/1734 1743/1743
f 1733/1733 1743/1743 1742/1742
f 1734/1734 1735/1735 1744/1744
f 1734/1734 1744/1744 1743/1743
f 1736/1736 1737/1737 1746/1746
f 1736/1736 1746/1746 1745/1745
f 1737/1737 1738/1738 1747/1747
f 1737/1737 1747/1747 1746/1746
f 1738/1738 1739/1739 1748/1748
f 1738/1738 1748/1748 1747/1747
f 1739/1739 1740/1740 1749/1749
f 1739/1739 1749/1749 1748/1748
f 1740/1740 1741/1741 1750/1750
f 1740/1740 1750/1750 1749/1749
f 1741/1741 1742/1742 1751/1751
f 1741/1741 1751/1751 1750/1750
f 1742/1742 1743/1743 1752/1752
f 1742/1742 1752/1752 1751/1751
f 1743/1743 1744/1744 1753/1753
f 1743/1743 1753/1753 1752/1752
f 1745/1745 1746/1746 1755/1755
f 1745/1745 1755/1755 1754/1754
f 1746/1746 1747/1747 1756/1756
f 1746/1746 1756/1756 1755/1755
f 1747/1747 1748/1748 1757/1757
f 1747/1747 1757/1757 1756/1756
f 1748/1748 1749/1749 1758/1758
f 1748/1748 1758/1758 1757/1757
f 1749/1749 1750/1750 1759/1759
f 1749/1749 1759/1759 1758/1758
f 1750/1750 1751/1751 1760/1760
f 1750/1750 1760/1760 1759/1759
f 1751/1751 1752/1752 1761/1761
f 1751/1751 1761/1761 1760/1760
f 1752/1752 1753/1753 1762/1762
f 1752/1752 1762/1762 1761/1761
f 1754/1754 1755/1755 1764/1764
f 1755/1755 1756/1756 1765/1765
f 1756/1756 1757/1757 1766/1766
f 1757/1757 1758/1758 1767/1767
f 1758/1758 1759/1759 1768/1768
f 1759/1759 1760/1760 1769/1769
f 1760/1760 1761/1761 1770/1770
f 1761/1761 1762/1762 1771/1771
f 1982/1982 1983/1983 1993/1993
f 1982/1982 1993/1993 1992/1992
f 1983/1983 1984/1984 1994/1994
f 1983/1983 1994/1994 1993/1993
f 1984/1984 1985/1985 1995/1995
f 1984/1984 1995/1995 1994/1994
f 1985/1985 1986/1986 1996/1996
f 1985/1985 1996/1996 1995/1995
f 1986/1986 1987/1987 1997/1997
f 1986/1986 1997/1997 1996/1996
f 1987/1987 1988/1988 1998/1998
f 1987/1987 1998/1998 1997/1997
f 1988/1988 1989/1989 1999/1999
f 1988/1988 1999/1999 1998/1998
f 1989/1989 1990/1990 2000/2000
f 1989/1989 2000/2000 1999/1999
f 1990/1990 1991/1991 2001/2001
f 1990/1990 2001/2001 2000/2000
f 1991/1991 1982/1982 1992/1992
f 1991/1991 1992/1992 2001/2001
f 2002/2002 1983/1983 1982/1982
f 2002/2002 1984/1984 1983/1983
f 2002/2002 1985/1985 1984/1984
f 2002/2002 1986/1986 1985/1985
f 2002/2002 1987/1987 1986/1986
f 2002/2002 1988/1988 1987/1987
f 2002/2002 1989/1989 1988/1988
f 2002/2002 1990/1990 1989/1989
f 2002/2002 1991/1991 1990/1990
f 2002/2002 1982/1982 1991/1991
f 2003/2003 1992/1992 1993/1993
f 2003/2003 1993/1993 1994/1994
f 2003/2003 1994/1994 1995/1995
f 2003/2003 1995/1995 1996/1996
f 2003/2003 1996/1996 1997/1997
f 2003/2003 1997/1997 1998/1998
f 2003/2003 1998/1998 1999/1999
f 2003/2003 1999/1999 2000/2000
f 2003/2003 2000/2000 2001/2001
f 2003/2003 2001/2001 1992/1992
f 2004/2004 2005/2005 2015/2015
f 2004/2004 2015/2015 2014/2014
f 2005/2005 2006/2006 2016/2016
f 2005/2005 2016/2016 2015/2015
f 2006/2006 2007/2007 2017/2017
f 2006/2006 2017/2017 2016/2016
f 2007/2007 2008/2008 2018/2018
f 2007/2007 2018/2018 2017/2017
f 2008/2008 2009/2009 2019/2019
f 2008/2008 2019/2019 2018/2018
f 2009/2009 2010/2010 2020/2020
f 2009/2009 2020/2020 2019/2019
f 2010/2010 2011/2011 2021/2021
f 2010/2010 2021/2021 2020/2020
f 2011/2011 2012/2012 2022/2022
f 2011/2011 2022/2022 2021/2021
f 2012/2012 2013/2013 2023/2023
f 2012/2012 2023/2023 2022/2022
f 2013/2013 2004/2004 2014/2014
f 2013/2013 2014/2014 2023/2023
f 2024/2024 2005/2005 2004/2004
f 2024/2024 2006/2006 2005/2005
f 2024/2024 2007/2007 2006/2006
f 2024/2024 2008/2008 2007/2007
f 2024/2024 2009/2009 2008/2008
f 2024/2024 2010/2010 2009/2009
f 2024/2024 2011/2011 2010/2010
f 2024/2024 2012/2012 2011/2011
f 2024/2024 2013/2013 2012/2012
f 2024/2024 2004/2004 2013/2013
f 2025/2025 2014/2014 2015/2015
f 2025/2025 2015/2015 2016/2016
f 2025/2025 2016/2016 2017/2017
f 2025/2025 2017/2017 2018/2018
f 2025/2025 2018/2018 2019/2019
f 2025/2025 2019/2019 2020/2020
f 2025/2025 2020/2020 2021/2021
f 2025/2025 2021/2021 2022/2022
f 2025/2025 2022/2022 2023/2023
f 2025/2025 2023/2023 2014/2014
f 2026/2026 2036/2036 2035/2035
f 2027/2027 2037/2037 2036/2036
f 2028/2028 2038/2038 2037/2037
f 2029/2029 2039/2039 2038/2038
f 2030/2030 2040/2040 2039/2039
f 2031/2031 2041/2041 2040/2040
f 2032/2032 2042/2042 2041/2041
f 2033/2033 2043/2043 2042/2042
f 2035/2035 2036/2036 2045/2045
f 2035/2035 2045/2045 2044/2044
f 2036/2036 2037/2037 2046/2046
f 2036/2036 2046/2046 2045/2045
f 2037/2037 2038/2038 2047/2047
f 2037/2037 2047/2047 2046/2046
f 2038/2038 2039/2039 2048/2048
f 2038/2038 2048/2048 2047/2047
f 2039/2039 2040/2040 2049/2049
f 2039/2039 2049/2049 2048/2048
f 2040/2040 2041/2041 2050/2050
f 2040/2040 2050/2050 2049/2049
f 2041/2041 2042/2042 2051/2051
f 2041/2041 2051/2051 2050/2050
f 2042/2042 2043/2043 2052/2052
f 2042/2042 2052/2052 2051/2051
f 2044/2044 2045/2045 2054/2054
f 2044/2044 2054/2054 2053/2053
f 2045/2045 2046/2046 2055/2055
f 2045/2045 2055/2055 2054/2054
f 2046/2046 2047/2047 2056/2056
f 2046/2046 2056/2056 2055/2055
f 2047/2047 2048/2048 2057/2057
f 2047/2047 2057/2057 2056/2056
f 2048/2048 2049/2049 2058/2058
f 2048/2048 2058/2058 2057/2057
f 2049/2049 2050/2050 2059/2059
f 2049/2049 2059/2059 2058/2058
f 2050/2050 2051/2051 2060/2060
f 2050/2050 2060/2060 2059/2059
f 2051/2051 2052/2052 2061/2061
f 2051/2051 2061/2061 2060/2060
f 2053/2053 2054/2054 2063/2063
f 2053/2053 2063/2063 2062/2062
f 2054/2054 2055/2055 2064/2064
f 2054/2054 2064/2064 2063/2063
f 2055/2055 2056/2056 2065/2065
f 2055/2055 2065/2065 2064/2064
f 2056/2056 2057/2057 2066/2066
f 2056/2056 2066/2066 2065/2065
f 2057/2057 2058/2058 2067/2067
f 2057/2057 2067/2067 2066/2066
f 2058/2058 2059/2059 2068/2068
f 2058/2058 2068/2068 2067/2067
f 2059/2059 2060/2060 2069/2069
f 2059/2059 2069/2069 2068/2068
f 2060/2060 2061/2061 2070/2070
f 2060/2060 2070/2070 2069/2069
f 2062/2062 2063/2063 2072/2072
f 2062/2062 2072/2072 2071/2071
f 2063/2063 2064/2064 2073/2073
f 2063/2063 2073/2073 2072/2072
f 2064/2064 2065/2065 2074/2074
f 2064/2064 2074/2074 2073/2073
f 2065/2065 2066/2066 2075/2075
f 2065/2065 2075/2075 2074/2074
f 2066/2066 2067/2067 2076/2076
f 2066/2066 2076/2076 2075/2075
f 2067/2067 2068/2068 2077/2077
f 2067/2067 2077/2077 2076/2076
f 2068/2068 2069/2069 2078/2078
f 2068/2068 2078/2078 2077/2077
f 2069/2069 2070/2070 2079/2079
f 2069/2069 2079/2079 2078/2078
f 2071/2071 2072/2072 2081/2081
f 2072/2072 2073/2073 2082/2082
f 2073/2073 2074/2074 2083/2083
f 2074/2074 2075/2075 2084/2084
f 2075/2075 2076/2076 2085/2085
f 2076/2076 2077/2077 2086/2086
f 2077/2077 2078/2078 2087/2087
f 2078/2078 2079/2079 2088/2088
f 2089/2089 2101/2101 2100/2100
f 2090/2090 2102/2102 2101/2101
f 2091/2091 2103/2103 2102/2102
f 2092/2092 2104/2104 2103/2103
f 2093/2093 2105/2105 2104/2104
f 2094/2094 2106/2106 2105/2105
f 2095/2095 2107/2107 2106/2106
f 2096/2096 2108/2108 2107/2107
f 2097/2097 2109/2109 2108/2108
f 2098/2098 2110/2110 2109/2109
f 2100/2100 2101/2101 2112/2112
f 2100/2100 2112/2112 2111/2111
f 2101/2101 2102/2102 2113/2113
f 2101/2101 2113/2113 2112/2112
f 2102/2102 2103/2103 2114/2114
f 2102/2102 2114/2114 2113/2113
f 2103/2103 2104/2104 2115/2115
f 2103/2103 2115/2115 2114/2114
f 2104/2104 2105/2105 2116/2116
f 2104/2104 2116/2116 2115/2115
f 2105/2105 2106/2106 2117/2117
f 2105/2105 2117/2117 2116/2116
f 2106/2106 2107/2107 2118/2118
f 2106/2106 2118/2118 2117/2117
f 2107/2107 2108/2108 2119/2119
f 2107/2107 2119/2119 2118/2118
f 2108/2108 2109/2109 2120/2120
f 2108/2108 2120/2120 2119/2119
f 2109/2109 2110/2110 2121/2121
f 2109/2109 2121/2121 2120/2120
f 2111/2111 2112/2112 2123/2123
f 2111/2111 2123/2123 2122/2122
f 2112/2112 2113/2113 2124/2124
f 2112/2112 2124/2124 2123/2123
f 2113/2113 2114/2114 2125/2125
f 2113/2113 2125/2125 2124/2124
f 2114/2114 2115/2115 2126/2126
f 2114/2114 2126/2126 2125/2125
f 2115/2115 2116/2116 2127/2127
f 2115/2115 2127/2127 2126/2126
f 2116/2116 2117/2117 2128/2128
f 2116/2116 2128/2128 2127/2127
f 2117/2117 2118/2118 2129/2129
f 2117/2117 2129/2129 2128/2128
f 2118/2118 2119/2119 2130/2130
f 2118/2118 2130/2130 2129/2129
f 2119/2119 2120/2120 2131/2131
f 2119/2119 2131/2131 2130/2130
f 2120/2120 2121/2121 2132/2132
f 2120/2120 2132/2132 2131/2131
f 2122/2122 2123/2123 2134/2134
f 2122/2122 2134/2134 2133/2133
f 2123/2123 2124/2124 2135/2135
f 2123/2123 2135/2135 2134/2134
f 2124/2124 2125/2125 2136/2136
f 2124/2124 2136/2136 2135/2135
f 2125/2125 2126/2126 2137/2137
f 2125/2125 2137/2137 2136/2136
f 2126/2126 2127/2127 2138/2138
f 2126/2126 2138/2138 2137/2137
f 2127/2127 2128/2128 2139/2139
f 2127/2127 2139/2139 2138/2138
f 2128/2128 2129/2129 2140/2140
f 2128/2128 2140/2140 2139/2139
f 2129/2129 2130/2130 2141/2141
f 2129/2129 2141/2141 2140/2140
f 2130/2130 2131/2131 2142/2142
f 2130/2130 2142/2142 2141/2141
f 2131/2131 2132/2132 2143/2143
f 2131/2131 2143/2143 2142/2142
f 2133/2133 2134/2134 2145/2145
f 2133/2133 2145/2145 2144/2144
f 2134/2134 2135/2135 2146/2146
f 2134/2134 2146/2146 2145/2145
f 2135/2135 2136/2136 2147/2147
f 2135/2135 2147/2147 2146/2146
f 2136/2136 2137/2137 2148/2148
f 2136/2136 2148/2148 2147/2147
f 2137/2137 2138/2138 2149/2149
f 2137/2137 2149/2149 2148/2148
f 2138/2138 2139/2139 2150/2150
f 2138/2138 2150/2150 2149/2149
f 2139/2139 2140/2140 2151/2151
f 2139/2139 2151/2151 2150/2150
f 2140/2140 2141/2141 2152/2152
f 2140/2140 2152/2152 2151/2151
f 2141/2141 2142/2142 2153/2153
f 2141/2141 2153/2153 2152/2152
f 2142/2142 2143/2143 2154/2154
f 2142/2142 2154/2154 2153/2153
f 2144/2144 2145/2145 2156/2156
f 2145/2145 2146/2146 2157/2157
f 2146/2146 2147/2147 2158/2158
f 2147/2147 2148/2148 2159/2159
f 2148/2148 2149/2149 2160/2160
f 2149/2149 2150/2150 2161/2161
f 2150/2150 2151/2151 2162/2162
f 2151/2151 2152/2152 2163/2163
f 2152/2152 2153/2153 2164/2164
f 2153/2153 2154/2154 2165/2165
f 2166/2166 2167/2167 2177/2177
f 2166/2166 2177/2177 2176/2176
f 2167/2167 2168/2168 2178/2178
f 2167/2167 2178/2178 2177/2177
f 2168/2168 2169/2169 2179/2179
f 2168/2168 2179/2179 2178/2178
f 2169/2169 2170/2170 2180/2180
f 2169/2169 2180/2180 2179/2179
f 2170/2170 2171/2171 2181/2181
f 2170/2170 2181/2181 2180/2180
f 2171/2171 2172/2172 2182/2182
f 2171/2171 2182/2182 2181/2181
f 2172/2172 2173/2173 2183/2183
f 2172/2172 2183/2183 2182/2182
f 2173/2173 2174/2174 2184/2184
f 2173/2173 2184/2184 2183/2183
f 2174/2174 2175/2175 2185/2185
f 2174/2174 2185/2185 2184/2184
f 2175/2175 2166/2166 2176/2176
f 2175/2175 2176/2176 2185/2185
f 2186/2186 2167/2167 2166/2166
f 2186/2186 2168/2168 2167/2167
f 2186/2186 2169/2169 2168/2168
f 2186/2186 2170/2170 2169/2169
f 2186/2186 2171/2171 2170/2170
f 2186/2186 2172/2172 2171/2171
f 2186/2186 2173/2173 2172/2172
f 2186/2186 2174/2174 2173/2173
f 2186/2186 2175/2175 2174/2174
f 2186/2186 2166/2166 2175/2175
f 2187/2187 2176/2176 2177/2177
f 2187/2187 2177/2177 2178/2178
f 2187/2187 2178/2178 2179/2179
f 2187/2187 2179/2179 2180/2180
f 2187/2187 2180/2180 2181/2181
f 2187/2187 2181/2181 2182/2182
f 2187/2187 2182/2182 2183/2183
f 2187/2187 2183/2183 2184/2184
f 2187/2187 2184/2184 2185/2185
f 2187/2187 2185/2185 2176/2176
f 2188/2188 2189/2189 2199/2199
f 2188/2188 2199/2199 2198/2198
f 2189/2189 2190/2190 2200/2200
f 2189/2189 2200/2200 2199/2199
f 2190/2190 2191/2191 2201/2201
f 2190/2190 2201/2201 2200/2200
f 2191/2191 2192/2192 2202/2202
f 2191/2191 2202/2202 2201/2201
f 2192/2192 2193/2193 2203/2203
f 2192/2192 2203/2203 2202/2202
f 2193/2193 2194/2194 2204/2204
f 2193/2193 2204/2204 2203/2203
f 2194/2194 2195/2195 2205/2205
f 2194/2194 2205/2205 2204/2204
f 2195/2195 2196/2196 2206/2206
f 2195/2195 2206/2206 2205/2205
f 2196/2196 2197/2197 2207/2207
f 2196/2196 2207/2207 2206/2206
f 2197/2197 2188/2188 2198/2198
f 2197/2197 2198/2198 2207/2207
f 2208/2208 2189/2189 2188/2188
f 2208/2208 2190/2190 2189/2189
f 2208/2208 2191/2191 2190/2190
f 2208/2208 2192/2192 2191/2191
f 2208/2208 2193/2193 2192/2192
f 2208/2208 2194/2194 2193/2193
f 2208/2208 2195/2195 2194/2194
f 2208/2208 2196/2196 2195/2195
f 2208/2208 2197/2197 2196/2196
f 2208/2208 2188/2188 2197/2197
f 2209/2209 2198/2198 2199/2199
f 2209/2209 2199/2199 2200/2200
f 2209/2209 2200/2200 2201/2201
f 2209/2209 2201/2201 2202/2202
f 2209/2209 2202/2202 2203/2203
f 2209/2209 2203/2203 2204/2204
f 2209/2209 2204/2204 2205/2205
f 2209/2209 2205/2205 2206/2206
f 2209/2209 2206/2206 2207/2207
f 2209/2209 2207/2207 2198/2198
f 2210/2210 2220/2220 2219/2219
f 2211/2211 2221/2221 2220/2220
f 2212/2212 2222/2222 2221/2221
f 2213/2213 2223/2223 2222/2222
f 2214/2214 2224/2224 2223/2223
f 2215/2215 2225/2225 2224/2224
f 2216/2216 2226/2226 2225/2225
f 2217/2217 2227/2227 2226/2226
f 2219/2219 2220/2220 2229/2229
f 2219/2219 2229/2229 2228/2228
f 2220/2220 2221/2221 2230/2230
f 2220/2220 2230/2230 2229/2229
f 2221/2221 2222/2222 2231/2231
f 2221/2221 2231/2231 2230/2230
f 2222/2222 2223/2223 2232/2232
f 2222/2222 2232/2232 2231/2231
f 2223/2223 2224/2224 2233/2233
f 2223/2223 2233/2233 2232/2232
f 2224/2224 2225/2225 2234/2234
f 2224/2224 2234/2234 2233/2233
f 2225/2225 2226/2226 2235/2235
f 2225/2225 2235/2235 2234/2234
f 2226/2226 2227/2227 2236/2236
f 2226/2226 2236/2236 2235/2235
f 2228/2228 2229/2229 2238/2238
f 2228/2228 2238/2238 2237/2237
f 2229/2229 2230/2230 2239/2239
f 2229/2229 2239/2239 2238/2238
f 2230/2230 2231/2231 2240/2240
f 2230/2230 2240/2240 2239/2239
f 2231/2231 2232/2232 2241/2241
f 2231/2231 2241/2241 2240/2240
f 2232/2232 2233/2233 2242/2242
f 2232/2232 2242/2242 2241/2241
f 2233/2233 2234/2234 2243/2243
f 2233/2233 2243/2243 2242/2242
f 2234/2234 2235/2235 2244/2244
f 2234/2234 2244/2244 2243/2243
f 2235/2235 2236/2236 2245/2245
f 2235/2235 2245/2245 2244/2244
f 2237/2237 2238/2238 2247/2247
f 2237/2237 2247/2247 2246/2246
f 2238/2238 2239/2239 2248/2248
f 2238/2238 2248/2248 2247/2247
f 2239/2239 2240/2240 2249/2249
f 2239/2239 2249/2249 2248/2248
f 2240/2240 2241/2241 2250/2250
f 2240/2240 2250/2250 2249/2249
f 2241/2241 2242/2242 2251/2251
f 2241/2241 2251/2251 2250/2250
f 2242/2242 2243/2243 2252/2252
f 2242/2242 2252/2252 2251/2251
f 2243/2243 2244/2244 2253/2253
f 2243/2243 2253/2253 2252/2252
f 2244/2244 2245/2245 2254/2254
f 2244/2244 2254/2254 2253/2253
f 2246/2246 2247/2247 2256/2256
f 2246/2246 2256/2256 2255/2255
f 2247/2247 2248/2248 2257/2257
f 2247/2247 2257/2257 2256/2256
f 2248/2248 2249/2249 2258/2258
f 2248/2248 2258/2258 2257/2257
f 2249/2249 2250/2250 2259/2259
f 2249/2249 2259/2259 2258/2258
f 2250/2250 2251/2251 2260/2260
f 2250/2250 2260/2260 2259/2259
f 2251/2251 2252/2252 2261/2261
f 2251/2251 2261/2261 2260/2260
f 2252/2252 2253/2253 2262/2262
f 2252/2252 2262/2262 2261/2261
f 2253/2253 2254/2254 2263/2263
f 2253/2253 2263/2263 2262/2262
f 2255/2255 2256/2256 2265/2265
f 2256/2256 2257/2257 2266/2266
f 2257/2257 2258/2258 2267/2267
f 2258/2258 2259/2259 2268/2268
f 2259/2259 2260/2260 2269/2269
f 2260/2260 2261/2261 2270/2270
f 2261/2261 2262/2262 2271/2271
f 2262/2262 2263/2263 2272/2272
f 2273/2273 2285/2285 2284/2284
f 2274/2274 2286/2286 2285/2285
f 2275/2275 2287/2287 2286/2286
f 2276/2276 2288/2288 2287/2287
f 2277/2277 2289/2289 2288/2288
f 2278/2278 2290/2290 2289/2289
f 2279/2279 2291/2291 2290/2290
f 2280/2280 2292/2292 2291/2291
f 2281/2281 2293/2293 2292/2292
f 2282/2282 2294/2294 2293/2293
f 2284/2284 2285/2285 2296/2296
f 2284/2284 2296/2296 2295/2295
f 2285/2285 2286/2286 2297/2297
f 2285/2285 2297/2297 2296/2296
f 2286/2286 2287/2287 2298/2298
f 2286/2286 2298/2298 2297/2297
f 2287/2287 2288/2288 2299/2299
f 2287/2287 2299/2299 2298/2298
f 2288/2288 2289/2289 2300/2300
f 2288/2288 2300/2300 2299/2299
f 2289/2289 2290/2290 2301/2301
f 2289/2289 2301/2301 2300/2300
f 2290/2290 2291/2291 2302/2302
f 2290/2290 2302/2302 2301/2301
f 2291/2291 2292/2292 2303/2303
f 2291/2291 2303/2303 2302/2302
f 2292/2292 2293/2293 2304/2304
f 2292/2292 2304/2304 2303/2303
f 2293/2293 2294/2294 2305/2305
f 2293/2293 2305/2305 2304/2304
f 2295/2295 2296/2296 2307/2307
f 2295/2295 2307/2307 2306/2306
f 2296/2296 2297/2297 2308/2308
f 2296/2296 2308/2308 2307/2307
f 2297/2297 2298/2298 2309/2309
f 2297/2297 2309/2309 2308/2308
f 2298/2298 2299/2299 2310/2310
f 2298/2298 2310/2310 2309/2309
f 2299/2299 2300/2300 2311/2311
f 2299/2299 2311/2311 2310/2310
f 2300/2300 2301/2301 2312/2312
f 2300/2300 2312/2312 2311/2311
f 2301/2301 2302/2302 2313/2313
f 2301/2301 2313/2313 2312/2312
f 2302/2302 2303/2303 2314/2314
f 2302/2302 2314/2314 2313/2313
f 2303/2303 2304/2304 2315/2315
f 2303/2303 2315/2315 2314/2314
f 2304/2304 2305/2305 2316/2316
f 2304/2304 2316/2316 2315/2315
f 2306/2306 2307/2307 2318/2318
f 2306/2306 2318/2318 2317/2317
f 2307/2307 2308/2308 2319/2319
f 2307/2307 2319/2319 2318/2318
f 2308/2308 2309/2309 2320/2320
f 2308/2308 2320/2320 2319/2319
f 2309/2309 2310/2310 2321/2321
f 2309/2309 2321/2321 2320/2320
f 2310/2310 2311/2311 2322/2322
f 2310/2310 2322/2322 2321/2321
f 2311/2311 2312/2312 2323/2323
f 2311/2311 2323/2323 2322/2322
f 2312/2312 2313/2313 2324/2324
f 2312/2312 2324/2324 2323/2323
f 2313/2313 2314/2314 2325/2325
f 2313/2313 2325/2325 2324/2324
f 2314/2314 2315/2315 2326/2326
f 2314/2314 2326/2326 2325/2325
f 2315/2315 2316/2316 2327/2327
f 2315/2315 2327/2327 2326/2326
f 2317/2317 2318/2318 2329/2329
f 2317/2317 2329/2329 2328/2328
f 2318/2318 2319/2319 2330/2330
f 2318/2318 2330/2330 2329/2329
f 2319/2319 2320/2320 2331/2331
f 2319/2319 2331/2331 2330/2330
f 2320/2320 2321/2321 2332/2332
f 2320/2320 2332/2332 2331/2331
f 2321/2321 2322/2322 2333/2333
f 2321/2321 2333/2333 2332/2332
f 2322/2322 2323/2323 2334/2334
f 2322/2322 2334/2334 2333/2333
f 2323/2323 2324/2324 2335/2335
f 2323/2323 2335/2335 2334/2334
f 2324/2324 2325/2325 2336/2336
f 2324/2324 2336/2336 2335/2335
f 2325/2325 2326/2326 2337/2337
f 2325/2325 2337/2337 2336/2336
f 2326/2326 2327/2327 2338/2338
f 2326/2326 2338/2338 2337/2337
f 2328/2328 2329/2329 2340/2340
f 2329/2329 2330/2330 2341/2341
f 2330/2330 2331/2331 2342/2342
f 2331/2331 2332/2332 2343/2343
f 2332/2332 2333/2333 2344/2344
f 2333/2333 2334/2334 2345/2345
f 2334/2334 2335/2335 2346/2346
f 2335/2335 2336/2336 2347/2347
f 2336/2336 2337/2337 2348/2348
f 2337/2337 2338/2338 2349/2349
usemtl bat
f 1772/1772 1773/1773 1787/1787
f 1772/1772 1787/1787 1786/1786
f 1773/1773 1774/1774 1788/1788
f 1773/1773 1788/1788 1787/1787
f 1774/1774 1775/1775 1789/1789
f 1774/1774 1789/1789 1788/1788
f 1775/1775 1776/1776 1790/1790
f 1775/1775 1790/1790 1789/1789
f 1776/1776 1777/1777 1791/1791
f 1776/1776 1791/1791 1790/1790
f 1777/1777 1778/1778 1792/1792
f 1777/1777 1792/1792 1791/1791
f 1778/1778 1779/1779 1793/1793
f 1778/1778 1793/1793 1792/1792
f 1779/1779 1780/1780 1794/1794
f 1779/1779 1794/1794 1793/1793
f 1780/1780 1781/1781 1795/1795
f 1780/1780 1795/1795 1794/1794
f 1781/1781 1782/1782 1796/1796
f 1781/1781 1796/1796 1795/1795
f 1782/1782 1783/1783 1797/1797
f 1782/1782 1797/1797 1796/1796
f 1783/1783 1784/1784 1798/1798
f 1783/1783 1798/1798 1797/1797
f 1784/1784 1785/1785 1799/1799
f 1784/1784 1799/1799 1798/1798
f 1785/1785 1772/1772 1786/1786
f 1785/1785 1786/1786 1799/1799
f 1800/1800 1773/1773 1772/1772
f 1800/1800 1774/1774 1773/1773
f 1800/1800 1775/1775 1774/1774
f 1800/1800 1776/1776 1775/1775
f 1800/1800 1777/1777 1776/1776
f 1800/1800 1778/1778 1777/1777
f 1800/1800 1779/1779 1778/1778
f 1800/1800 1780/1780 1779/1779
f 1800/1800 1781/1781 1780/1780
f 1800/1800 1782/1782 1781/1781
f 1800/1800 1783/1783 1782/1782
f 1800/1800 1784/1784 1783/1783
f 1800/1800 1785/1785 1784/1784
f 1800/1800 1772/1772 1785/1785
f 1801/1801 1786/1786 1787/1787
f 1801/1801 1787/1787 1788/1788
f 1801/1801 1788/1788 1789/1789
f 1801/1801 1789/1789 1790/1790
f 1801/1801 1790/1790 1791/1791
f 1801/1801 1791/1791 1792/1792
f 1801/1801 1792/1792 1793/1793
f 1801/1801 1793/1793 1794/1794
f 1801/1801 1794/1794 1795/1795
f 1801/1801 1795/1795 1796/1796
f 1801/1801 1796/1796 1797/1797
f 1801/1801 1797/1797 1798/1798
f 1801/1801 1798/1798 1799/1799
f 1801/1801 1799/1799 1786/1786
f 1802/1802 1812/1812 1811/1811
f 1803/1803 1813/1813 1812/1812
f 1804/1804 1814/1814 1813/1813
f 1805/1805 1815/1815 1814/1814
f 1806/1806 1816/1816 1815/1815
f 1807/1807 1817/1817 1816/1816
f 1808/1808 1818/1818 1817/1817
f 1809/1809 1819/1819 1818/1818
f 1811/1811 1812/1812 1821/1821
f 1811/1811 1821/1821 1820/1820
f 1812/1812 1813/1813 1822/1822
f 1812/1812 1822/1822 1821/1821
f 1813/1813 1814/1814 1823/1823
f 1813/1813 1823/1823 1822/1822
f 1814/1814 1815/1815 1824/1824
f 1814/1814 1824/1824 1823/1823
f 1815/1815 1816/1816 1825/1825
f 1815/1815 1825/1825 1824/1824
f 1816/1816 1817/1817 1826/1826
f 1816/1816 1826/1826 1825/1825
f 1817/1817 1818/1818 1827/1827
f 1817/1817 1827/1827 1826/1826
f 1818/1818 1819/1819 1828/1828
f 1818/1818 1828/1828 1827/1827
f 1820/1820 1821/1821 1830/1830
f 1820/1820 1830/1830 1829/1829
f 1821/1821 1822/1822 1831/1831
f 1821/1821 1831/1831 1830/1830
f 1822/1822 1823/1823 1832/1832
f 1822/1822 1832/1832 1831/1831
f 1823/1823 1824/1824 1833/1833
f 1823/1823 1833/1833 1832/1832
f 1824/1824 1825/1825 1834/1834
f 1824/1824 1834/1834 1833/1833
f 1825/1825 1826/1826 1835/1835
f 1825/1825 1835/1835 1834/1834
f 1826/1826 1827/1827 1836/1836
f 1826/1826 1836/1836 1835/1835
f 1827/1827 1828/1828 1837/1837
f 1827/1827 1837/1837 1836/1836
f 1829/1829 1830/1830 1839/1839
f 1829/1829 1839/1839 1838/1838
f 1830/1830 1831/1831 1840/1840
f 1830/1830 1840/1840 1839/1839
f 1831/1831 1832/1832 1841/1841
f 1831/1831 1841/1841 1840/1840
f 1832/1832 1833/1833 1842/1842
f 1832/1832 1842/1842 1841/1841
f 1833/1833 1834/1834 1843/1843
f 1833/1833 1843/1843 1842/1842
f 1834/1834 1835/1835 1844/1844
f 1834/1834 1844/1844 1843/1843
f 1835/1835 1836/1836 1845/1845
f 1835/1835 1845/1845 1844/1844
f 1836/1836 1837/1837 1846/1846
f 1836/1836 1846/1846 1845/1845
f 1838/1838 1839/1839 1848/1848
f 1838/1838 1848/1848 1847/1847
f 1839/1839 1840/1840 1849/1849
f 1839/1839 1849/1849 1848/1848
f 1840/1840 1841/1841 1850/1850
f 1840/1840 1850/1850 1849/1849
f 1841/1841 1842/1842 1851/1851
f 1841/1841 1851/1851 1850/1850
f 1842/1842 1843/1843 1852/1852
f 1842/1842 1852/1852 1851/1851
f 1843/1843 1844/1844 1853/1853
f 1843/1843 1853/1853 1852/1852
f 1844/1844 1845/1845 1854/1854
f 1844/1844 1854/1854 1853/1853
f 1845/1845 1846/1846 1855/1855
f 1845/1845 1855/1855 1854/1854
f 1847/1847 1848/1848 1857/1857
f 1848/1848 1849/1849 1858/1858
f 1849/1849 1850/1850 1859/1859
f 1850/1850 1851/1851 1860/1860
f 1851/1851 1852/1852 1861/1861
f 1852/1852 1853/1853 1862/1862
f 1853/1853 1854/1854 1863/1863
f 1854/1854 1855/1855 1864/1864
f 1865/1865 1879/1879 1878/1878
f 1866/1866 1880/1880 1879/1879
f 1867/1867 1881/1881 1880/1880
f 1868/1868 1882/1882 1881/1881
f 1869/1869 1883/1883 1882/1882
f 1870/1870 1884/1884 1883/1883
f 1871/1871 1885/1885 1884/1884
f 1872/1872 1886/1886 1885/1885
f 1873/1873 1887/1887 1886/1886
f 1874/1874 1888/1888 1887/1887
f 1875/1875 1889/1889 1888/1888
f 1876/1876 1890/1890 1889/1889
f 1878/1878 1879/1879 1892/1892
f 1878/1878 1892/1892 1891/1891
f 1879/1879 1880/1880 1893/1893
f 1879/1879 1893/1893 1892/1892
f 1880/1880 1881/1881 1894/1894
f 1880/1880 1894/1894 1893/1893
f 1881/1881 1882/1882 1895/1895
f 1881/1881 1895/1895 1894/1894
f 1882/1882 1883/1883 1896/1896
f 1882/1882 1896/1896 1895/1895
f 1883/1883 1884/1884 1897/1897
f 1883/1883 1897/1897 1896/1896
f 1884/1884 1885/1885 1898/1898
f 1884/1884 1898/1898 1897/1897
f 1885/1885 1886/1886 1899/1899
f 1885/1885 1899/1899 1898/1898
f 1886/1886 1887/1887 1900/1900
f 1886/1886 1900/1900 1899/1899
f 1887/1887 1888/1888 1901/1901
f 1887/1887 1901/1901 1900/1900
f 1888/1888 1889/1889 1902/1902
f 1888/1888 1902/1902 1901/1901
f 1889/1889 1890/1890 1903/1903
f 1889/1889 1903/1903 1902/1902
f 1891/1891 1892/1892 1905/1905
f 1891/1891 1905/1905 1904/1904
f 1892/1892 1893/1893 1906/1906
f 1892/1892 1906/1906 1905/1905
f 1893/1893 1894/1894 1907/1907
f 1893/1893 1907/1907 1906/1906
f 1894/1894 1895/1895 1908/1908
f 1894/1894 1908/1908 1907/1907
f 1895/1895 1896/1896 1909/1909
f 1895/1895 1909/1909 1908/1908
f 1896/1896 1897/1897 1910/1910
f 1896/1896 1910/1910 1909/1909
f 1897/1897 1898/1898 1911/1911
f 1897/1897 1911/1911 1910/1910
f 1898/1898 1899/1899 1912/1912
f 1898/1898 1912/1912 1911/1911
f 1899/1899 1900/1900 1913/1913
f 1899/1899 1913/1913 1912/1912
f 1900/1900 1901/1901 1914/1914
f 1900/1900 1914/1914 1913/1913
f 1901/1901 1902/1902 1915/1915
f 1901/1901 1915/1915 1914/1914
f 1902/1902 1903/1903 1916/1916
f 1902/1902 1916/1916 1915/1915
f 1904/1904 1905/1905 1918/1918
f 1904/1904 1918/1918 1917/1917
f 1905/1905 1906/1906 1919/1919
f 1905/1905 1919/1919 1918/1918
f 1906/1906 1907/1907 1920/1920
f 1906/1906 1920/1920 1919/1919
f 1907/1907 1908/1908 1921/1921
f 1907/1907 1921/1921 1920/1920
f 1908/1908 1909/1909 1922/1922
f 1908/1908 1922/1922 1921/1921
f 1909/1909 1910/1910 1923/1923
f 1909/1909 1923/1923 1922/1922
f 1910/1910 1911/1911 1924/1924
f 1910/1910 1924/1924 1923/1923
f 1911/1911 1912/1912 1925/1925
f 1911/1911 1925/1925 1924/1924
f 1912/1912 1913/1913 1926/1926
f 1912/1912 1926/1926 1925/1925
f 1913/1913 1914/1914 1927/1927
f 1913/1913 1927/1927 1926/1926
f 1914/1914 1915/1915 1928/1928
f 1914/1914 1928/1928 1927/1927
f 1915/1915 1916/1916 1929/1929
f 1915/1915 1929/1929 1928/1928
f 1917/1917 1918/1918 1931/1931
f 1917/1917 1931/1931 1930/1930
f 1918/1918 1919/1919 1932/1932
f 1918/1918 1932/1932 1931/1931
f 1919/1919 1920/1920 1933/1933
f 1919/1919 1933/1933 1932/1932
f 1920/1920 1921/1921 1934/1934
f 1920/1920 1934/1934 1933/1933
f 1921/1921 1922/1922 1935/1935
f 1921/1921 1935/1935 1934/1934
f 1922/1922 1923/1923 1936/1936
f 1922/1922 1936/1936 1935/1935
f 1923/1923 1924/1924 1937/1937
f 1923/1923 1937/1937 1936/1936
f 1924/1924 1925/1925 1938/1938
f 1924/1924 1938/1938 1937/1937
f 1925/1925 1926/1926 1939/1939
f 1925/1925 1939/1939 1938/1938
f 1926/1926 1927/1927 1940/1940
f 1926/1926 1940/1940 1939/1939
f 1927/1927 1928/1928 1941/1941
f 1927/1927 1941/1941 1940/1940
f 1928/1928 1929/1929 1942/1942
f 1928/1928 1942/1942 1941/1941
f 1930/1930 1931/1931 1944/1944
f 1930/1930 1944/1944 1943/1943
f 1931/1931 1932/1932 1945/1945
f 1931/1931 1945/1945 1944/1944
f 1932/1932 1933/1933 1946/1946
f 1932/1932 1946/1946 1945/1945
f 1933/1933 1934/1934 1947/1947
f 1933/1933 1947/1947 1946/1946
f 1934/1934 1935/1935 1948/1948
f 1934/1934 1948/1948 1947/1947
f 1935/1935 1936/1936 1949/1949
f 1935/1935 1949/1949 1948/1948
f 1936/1936 1937/1937 1950/1950
f 1936/1936 1950/1950 1949/1949
f 1937/1937 1938/1938 1951/1951
f 1937/1937 1951/1951 1950/1950
f 1938/1938 1939/1939 1952/1952
f 1938/1938 1952/1952 1951/1951
f 1939/1939 1940/1940 1953/1953
f 1939/1939 1953/1953 1952/1952
f 1940/1940 1941/1941 1954/1954
f 1940/1940 1954/1954 1953/1953
f 1941/1941 1942/1942 1955/1955
f 1941/1941 1955/1955 1954/1954
f 1943/1943 1944/1944 1957/1957
f 1943/1943 1957/1957 1956/1956
f 1944/1944 1945/1945 1958/1958
f 1944/1944 1958/1958 1957/1957
f 1945/1945 1946/1946 1959/1959
f 1945/1945 1959/1959 1958/1958
f 1946/1946 1947/1947 1960/1960
f 1946/1946 1960/1960 1959/1959
f 1947/1947 1948/1948 1961/1961
f 1947/1947 1961/1961 1960/1960
f 1948/1948 1949/1949 1962/1962
f 1948/1948 1962/1962 1961/1961
f 1949/1949 1950/1950 1963/1963
f 1949/1949 1963/1963 1962/1962
f 1950/1950 1951/1951 1964/1964
f 1950/1950 1964/1964 1963/1963
f 1951/1951 1952/1952 1965/1965
f 1951/1951 1965/1965 1964/1964
f 1952/1952 1953/1953 1966/1966
f 1952/1952 1966/1966 1965/1965
f 1953/1953 1954/1954 1967/1967
f 1953/1953 1967/1967 1966/1966
f 1954/1954 1955/1955 1968/1968
f 1954/1954 1968/1968 1967/1967
f 1956/1956 1957/1957 1970/1970
f 1957/1957 1958/1958 1971/1971
f 1958/1958 1959/1959 1972/1972
f 1959/1959 1960/1960 1973/1973
f 1960/1960 1961/1961 1974/1974
f 1961/1961 1962/1962 1975/1975
f 1962/1962 1963/1963 1976/1976
f 1963/1963 1964/1964 1977/1977
f 1964/1964 1965/1965 1978/1978
f 1965/1965 1966/1966 1979/1979
f 1966/1966 1967/1967 1980/1980
f 1967/1967 1968/1968 1981/1981
